Date,Open,High,Low,Close,Adj_Close,Volume
2018-02-21,6.950000,6.960000,6.850000,6.890000,6.890000,28900
2018-02-22,6.840000,6.870000,6.820000,6.830000,6.830000,22700
2018-02-23,7.010000,7.010000,6.890000,6.940000,6.940000,14800
2018-02-26,7.020000,7.060000,7.010000,7.030000,7.030000,13600
2018-02-27,7.060000,7.060000,6.960000,6.960000,6.960000,4500
2018-02-28,6.940000,6.960000,6.910000,6.920000,6.920000,11000
2018-03-01,6.820000,6.860000,6.710000,6.740000,6.740000,61900
2018-03-02,6.700000,6.740000,6.610000,6.720000,6.720000,32600
2018-03-05,6.640000,6.780000,6.610000,6.760000,6.760000,18800
2018-03-06,6.710000,6.720000,6.660000,6.690000,6.690000,68800
2018-03-07,6.600000,6.610000,6.550000,6.590000,6.590000,36200
2018-03-08,6.590000,6.590000,6.520000,6.560000,6.560000,21500
2018-03-09,6.470000,6.510000,6.460000,6.510000,6.510000,26600
2018-03-12,6.440000,6.520000,6.440000,6.500000,6.500000,38200
2018-03-13,6.500000,6.520000,6.440000,6.450000,6.450000,54800
2018-03-14,6.530000,6.540000,6.510000,6.520000,6.520000,17000
2018-03-15,6.550000,6.620000,6.550000,6.610000,6.610000,33600
2018-03-16,6.620000,6.630000,6.590000,6.610000,6.610000,11400
2018-03-19,6.650000,6.650000,6.490000,6.520000,6.520000,25400
2018-03-20,6.620000,6.640000,6.610000,6.630000,6.630000,23700
2018-03-21,6.630000,6.680000,6.610000,6.640000,6.640000,35900
2018-03-22,6.630000,6.660000,6.590000,6.590000,6.590000,25800
2018-03-23,6.510000,6.590000,6.490000,6.510000,6.510000,43300
2018-03-26,6.480000,6.590000,6.480000,6.580000,6.580000,111000
2018-03-27,6.620000,6.640000,6.490000,6.520000,6.520000,64000
2018-03-28,6.550000,6.600000,6.520000,6.580000,6.580000,95000
2018-03-29,6.640000,6.720000,6.620000,6.680000,6.680000,53000
2018-04-02,6.650000,6.650000,6.480000,6.520000,6.520000,46100
2018-04-03,6.550000,6.650000,6.550000,6.630000,6.630000,51900
2018-04-04,6.450000,6.600000,6.450000,6.600000,6.600000,36800
2018-04-05,6.550000,6.570000,6.530000,6.570000,6.570000,26400
2018-04-06,6.610000,6.610000,6.520000,6.550000,6.550000,45400
2018-04-09,6.660000,6.670000,6.630000,6.640000,6.640000,83200
2018-04-10,6.790000,6.790000,6.700000,6.750000,6.750000,31900
2018-04-11,6.790000,6.810000,6.760000,6.770000,6.770000,21300
2018-04-12,6.710000,6.750000,6.710000,6.730000,6.730000,12700
2018-04-13,6.720000,6.760000,6.720000,6.760000,6.760000,20000
2018-04-16,6.540000,6.780000,6.540000,6.780000,6.780000,32300
2018-04-17,6.790000,6.810000,6.780000,6.800000,6.800000,60400
2018-04-18,6.760000,6.810000,6.760000,6.790000,6.790000,18300
2018-04-19,6.830000,6.830000,6.810000,6.810000,6.810000,55000
2018-04-20,6.790000,6.790000,6.760000,6.760000,6.760000,14400
2018-04-23,6.810000,6.810000,6.770000,6.810000,6.810000,27500
2018-04-24,6.820000,6.830000,6.770000,6.790000,6.790000,47000
2018-04-25,6.880000,6.880000,6.680000,6.720000,6.720000,70300
2018-04-26,6.910000,6.970000,6.910000,6.960000,6.960000,47500
2018-04-27,6.800000,6.800000,6.640000,6.650000,6.650000,26500
2018-04-30,6.860000,6.860000,6.700000,6.750000,6.750000,22100
2018-05-01,6.810000,6.810000,6.740000,6.800000,6.800000,44200
2018-05-02,6.620000,6.640000,6.610000,6.620000,6.620000,7300
2018-05-03,6.610000,6.630000,6.560000,6.600000,6.600000,35000
2018-05-04,6.590000,6.660000,6.590000,6.660000,6.660000,23100
2018-05-07,6.650000,6.660000,6.620000,6.650000,6.650000,21400
2018-05-08,6.650000,6.660000,6.630000,6.660000,6.660000,28400
2018-05-09,6.550000,6.570000,6.530000,6.530000,6.530000,100100
2018-05-10,6.550000,6.580000,6.540000,6.550000,6.550000,30500
2018-05-11,6.650000,6.650000,6.610000,6.610000,6.610000,7600
2018-05-14,6.580000,6.590000,6.550000,6.590000,6.590000,9100
2018-05-15,6.450000,6.520000,6.450000,6.510000,6.510000,15600
2018-05-16,6.570000,6.600000,6.560000,6.590000,6.590000,20500
2018-05-17,6.670000,6.670000,6.570000,6.610000,6.610000,27000
2018-05-18,6.550000,6.590000,6.550000,6.590000,6.590000,11100
2018-05-21,6.640000,6.650000,6.610000,6.630000,6.630000,28100
2018-05-22,6.580000,6.670000,6.580000,6.630000,6.630000,30100
2018-05-23,6.610000,6.630000,6.610000,6.630000,6.630000,24400
2018-05-24,6.440000,6.440000,6.300000,6.320000,6.320000,44100
2018-05-25,6.410000,6.410000,6.320000,6.330000,6.330000,12600
2018-05-29,6.320000,6.320000,6.280000,6.300000,6.300000,45900
2018-05-30,6.250000,6.310000,6.250000,6.280000,6.280000,119400
2018-05-31,6.250000,6.250000,6.200000,6.210000,6.210000,38900
2018-06-01,6.290000,6.330000,6.290000,6.310000,6.310000,47900
2018-06-04,6.290000,6.380000,6.290000,6.370000,6.370000,60300
2018-06-05,6.440000,6.440000,6.350000,6.370000,6.370000,68100
2018-06-06,6.350000,6.380000,6.340000,6.370000,6.370000,46400
2018-06-07,6.410000,6.460000,6.400000,6.460000,6.460000,129600
2018-06-08,6.410000,6.450000,6.410000,6.420000,6.420000,118000
2018-06-11,6.390000,6.410000,6.380000,6.400000,6.400000,102700
2018-06-12,6.390000,6.400000,6.340000,6.350000,6.350000,109100
2018-06-13,6.400000,6.440000,6.370000,6.400000,6.400000,70400
2018-06-14,6.350000,6.420000,6.350000,6.390000,6.390000,51000
2018-06-15,6.340000,6.380000,6.330000,6.370000,6.370000,30300
2018-06-18,6.200000,6.270000,6.150000,6.240000,6.240000,46000
2018-06-19,6.250000,6.280000,6.230000,6.260000,6.260000,112500
2018-06-20,6.190000,6.220000,6.180000,6.210000,6.210000,67100
2018-06-21,6.150000,6.170000,6.130000,6.140000,6.140000,37900
2018-06-22,6.180000,6.190000,6.150000,6.170000,6.170000,45400
2018-06-25,6.050000,6.120000,6.050000,6.100000,6.100000,85600
2018-06-26,6.120000,6.150000,6.110000,6.140000,6.140000,125700
2018-06-27,6.080000,6.130000,6.050000,6.050000,6.050000,59600
2018-06-28,5.980000,6.100000,5.980000,6.090000,6.090000,38600
2018-06-29,6.080000,6.090000,6.060000,6.080000,6.080000,23200
2018-07-02,6.050000,6.050000,6.000000,6.030000,6.030000,122900
2018-07-03,6.030000,6.030000,5.960000,5.980000,5.980000,18500
2018-07-05,6.000000,6.010000,5.950000,6.000000,6.000000,38400
2018-07-06,5.950000,5.980000,5.930000,5.960000,5.960000,83000
2018-07-09,5.970000,5.990000,5.950000,5.990000,5.990000,99900
2018-07-10,5.940000,5.970000,5.930000,5.960000,5.960000,189000
2018-07-11,5.900000,5.920000,5.860000,5.870000,5.870000,88300
2018-07-12,5.870000,5.870000,5.850000,5.860000,5.860000,77500
2018-07-13,5.850000,5.870000,5.820000,5.840000,5.840000,103500
2018-07-16,5.860000,5.860000,5.840000,5.860000,5.860000,95100
2018-07-17,5.920000,5.960000,5.920000,5.960000,5.960000,146200
2018-07-18,5.940000,6.040000,5.940000,6.010000,6.010000,150700
2018-07-19,6.000000,6.000000,5.960000,5.990000,5.990000,67600
2018-07-20,6.050000,6.070000,6.040000,6.070000,6.070000,37300
2018-07-23,6.040000,6.040000,6.020000,6.020000,6.020000,23900
2018-07-24,6.100000,6.130000,6.050000,6.130000,6.130000,168300
2018-07-25,6.100000,6.120000,6.050000,6.100000,6.100000,94600
2018-07-26,6.130000,6.170000,6.120000,6.120000,6.120000,47300
2018-07-27,6.150000,6.170000,6.120000,6.130000,6.130000,46000
2018-07-30,6.170000,6.210000,6.160000,6.210000,6.210000,110700
2018-07-31,6.170000,6.220000,6.160000,6.190000,6.190000,91700
2018-08-01,6.350000,6.350000,5.960000,6.090000,6.090000,32700
2018-08-02,5.980000,6.020000,5.960000,6.000000,6.000000,26700
2018-08-03,5.940000,5.960000,5.910000,5.960000,5.960000,21800
2018-08-06,5.980000,5.980000,5.950000,5.950000,5.950000,25600
2018-08-07,5.960000,6.020000,5.960000,6.020000,6.020000,80300
2018-08-08,6.000000,6.010000,5.860000,5.910000,5.910000,206200
2018-08-09,5.900000,5.920000,5.900000,5.910000,5.910000,75500
2018-08-10,5.900000,5.900000,5.850000,5.860000,5.860000,10300
2018-08-13,5.860000,5.890000,5.830000,5.860000,5.860000,97900
2018-08-14,5.820000,5.820000,5.800000,5.810000,5.810000,134600
2018-08-15,5.800000,5.800000,5.690000,5.710000,5.710000,64200
2018-08-16,5.710000,5.790000,5.710000,5.790000,5.790000,178400
2018-08-17,5.770000,5.790000,5.760000,5.780000,5.780000,42400
2018-08-20,5.760000,5.770000,5.730000,5.750000,5.750000,29000
2018-08-21,5.770000,5.780000,5.730000,5.770000,5.770000,73700
2018-08-22,5.810000,5.860000,5.800000,5.820000,5.820000,91500
2018-08-23,5.720000,5.720000,5.690000,5.710000,5.710000,88500
2018-08-24,5.770000,5.770000,5.680000,5.680000,5.680000,37500
2018-08-27,5.770000,5.780000,5.750000,5.770000,5.770000,51000
2018-08-28,5.840000,5.850000,5.820000,5.820000,5.820000,151400
2018-08-29,5.780000,5.830000,5.780000,5.830000,5.830000,33200
2018-08-30,5.820000,5.820000,5.720000,5.720000,5.720000,66200
2018-08-31,5.760000,5.770000,5.710000,5.740000,5.740000,111100
2018-09-04,5.610000,5.610000,5.560000,5.610000,5.610000,54700
2018-09-05,5.540000,5.550000,5.510000,5.540000,5.540000,192500
2018-09-06,5.590000,5.590000,5.540000,5.590000,5.590000,48900
2018-09-07,5.530000,5.530000,5.490000,5.510000,5.510000,83900
2018-09-10,5.500000,5.550000,5.500000,5.520000,5.520000,114000
2018-09-11,5.500000,5.510000,5.480000,5.490000,5.490000,208300
2018-09-12,5.500000,5.550000,5.490000,5.530000,5.530000,65500
2018-09-13,5.630000,5.640000,5.610000,5.630000,5.630000,97700
2018-09-14,5.720000,5.750000,5.700000,5.740000,5.740000,66400
2018-09-17,5.780000,5.780000,5.730000,5.740000,5.740000,60500
2018-09-18,5.800000,5.880000,5.800000,5.860000,5.860000,76100
2018-09-19,5.810000,5.890000,5.810000,5.870000,5.870000,72300
2018-09-20,5.940000,5.950000,5.890000,5.910000,5.910000,36100
2018-09-21,6.000000,6.000000,5.960000,5.980000,5.980000,59000
2018-09-24,6.000000,6.000000,5.960000,5.960000,5.960000,21000
2018-09-25,5.890000,5.980000,5.890000,5.960000,5.960000,95400
2018-09-26,5.910000,5.960000,5.880000,5.910000,5.910000,31800
2018-09-27,5.940000,5.960000,5.880000,5.950000,5.950000,44200
2018-09-28,5.980000,5.980000,5.930000,5.960000,5.960000,19600
2018-10-01,5.920000,5.970000,5.920000,5.960000,5.960000,91800
2018-10-02,5.960000,5.960000,5.920000,5.960000,5.960000,62500
2018-10-03,5.860000,5.880000,5.830000,5.850000,5.850000,61000
2018-10-04,5.850000,5.850000,5.760000,5.790000,5.790000,61400
2018-10-05,5.810000,5.870000,5.810000,5.830000,5.830000,52500
2018-10-08,5.830000,5.860000,5.770000,5.850000,5.850000,40500
2018-10-09,5.950000,5.950000,5.780000,5.820000,5.820000,85200
2018-10-10,5.710000,5.710000,5.620000,5.620000,5.620000,56100
2018-10-11,5.710000,5.720000,5.620000,5.650000,5.650000,85900
2018-10-12,5.730000,5.730000,5.590000,5.650000,5.650000,46800
2018-10-15,5.590000,5.650000,5.590000,5.650000,5.650000,23100
2018-10-16,5.720000,5.750000,5.700000,5.740000,5.740000,145600
2018-10-17,5.690000,5.710000,5.640000,5.650000,5.650000,58400
2018-10-18,5.640000,5.650000,5.540000,5.580000,5.580000,139000
2018-10-19,5.530000,5.640000,5.530000,5.590000,5.590000,60800
2018-10-22,5.580000,5.580000,5.530000,5.540000,5.540000,37700
2018-10-23,5.470000,5.600000,5.440000,5.570000,5.570000,261500
2018-10-24,5.480000,5.480000,5.370000,5.380000,5.380000,159000
2018-10-25,5.400000,5.460000,5.400000,5.460000,5.460000,86100
2018-10-26,5.200000,5.270000,5.040000,5.140000,5.140000,156400
2018-10-29,5.350000,5.350000,5.220000,5.250000,5.250000,129000
2018-10-30,5.230000,5.300000,5.230000,5.300000,5.300000,119900
2018-10-31,5.310000,5.310000,5.140000,5.210000,5.210000,32600
2018-11-01,5.310000,5.370000,5.310000,5.370000,5.370000,101400
2018-11-02,5.360000,5.370000,5.310000,5.310000,5.310000,84300
2018-11-05,5.340000,5.360000,5.310000,5.340000,5.340000,85000
2018-11-06,5.390000,5.400000,5.360000,5.390000,5.390000,101600
2018-11-07,5.480000,5.480000,5.350000,5.450000,5.450000,130100
2018-11-08,5.350000,5.420000,5.310000,5.310000,5.310000,56600
2018-11-09,5.250000,5.260000,5.200000,5.240000,5.240000,41400
2018-11-12,5.240000,5.250000,5.120000,5.190000,5.190000,57800
2018-11-13,5.120000,5.180000,5.090000,5.090000,5.090000,325600
2018-11-14,5.250000,5.270000,5.200000,5.250000,5.250000,147100
2018-11-15,5.260000,5.300000,5.240000,5.280000,5.280000,93300
2018-11-16,5.220000,5.240000,5.200000,5.210000,5.210000,35300
2018-11-19,5.080000,5.220000,5.080000,5.130000,5.130000,24900
2018-11-20,5.100000,5.130000,5.060000,5.070000,5.070000,233900
2018-11-21,5.100000,5.140000,5.100000,5.130000,5.130000,62500
2018-11-23,5.280000,5.280000,5.080000,5.170000,5.170000,5400
2018-11-26,5.280000,5.300000,5.250000,5.260000,5.260000,106200
2018-11-27,5.300000,5.350000,5.290000,5.310000,5.310000,284700
2018-11-28,5.310000,5.370000,5.280000,5.350000,5.350000,154100
2018-11-29,5.370000,5.370000,5.290000,5.310000,5.310000,59200
2018-11-30,5.290000,5.290000,5.240000,5.270000,5.270000,46100
2018-12-03,5.440000,5.470000,5.430000,5.470000,5.470000,85600
2018-12-04,5.400000,5.440000,5.300000,5.300000,5.300000,256600
2018-12-06,5.220000,5.440000,5.220000,5.390000,5.390000,78900
2018-12-07,5.390000,5.400000,5.350000,5.390000,5.390000,64100
2018-12-10,5.380000,5.400000,5.290000,5.390000,5.390000,131100
2018-12-11,5.350000,5.360000,5.280000,5.320000,5.320000,225200
2018-12-12,5.360000,5.420000,5.360000,5.380000,5.380000,52200
2018-12-13,5.480000,5.500000,5.460000,5.490000,5.490000,89300
2018-12-14,5.440000,5.450000,5.400000,5.420000,5.420000,132300
2018-12-17,5.360000,5.370000,5.290000,5.330000,5.330000,81200
2018-12-18,5.410000,5.450000,5.390000,5.430000,5.430000,164100
2018-12-19,5.480000,5.490000,5.350000,5.380000,5.380000,80100
2018-12-20,5.360000,5.360000,5.290000,5.340000,5.340000,109700
2018-12-21,5.200000,5.260000,5.160000,5.220000,5.220000,192800
2018-12-24,5.180000,5.190000,5.110000,5.110000,5.110000,34200
2018-12-26,5.070000,5.070000,4.900000,4.960000,4.960000,281500
2018-12-27,4.950000,5.130000,4.900000,5.130000,5.130000,225700
2018-12-28,5.130000,5.130000,5.040000,5.100000,5.100000,169400
2018-12-31,5.200000,5.200000,5.090000,5.090000,5.090000,425900
2019-01-02,5.100000,5.150000,5.100000,5.150000,5.150000,138400
2019-01-03,5.120000,5.150000,5.070000,5.110000,5.110000,205600
2019-01-04,5.090000,5.240000,5.090000,5.230000,5.230000,42300
2019-01-07,5.250000,5.310000,5.230000,5.250000,5.250000,45700
2019-01-08,5.380000,5.390000,5.340000,5.390000,5.390000,91100
2019-01-09,5.420000,5.430000,5.410000,5.420000,5.420000,53300
2019-01-10,5.380000,5.450000,5.380000,5.420000,5.420000,45900
2019-01-11,5.360000,5.440000,5.360000,5.420000,5.420000,50300
2019-01-14,5.390000,5.420000,5.390000,5.410000,5.410000,66300
2019-01-15,5.320000,5.330000,5.290000,5.320000,5.320000,36800
2019-01-16,5.310000,5.350000,5.310000,5.340000,5.340000,41300
2019-01-17,5.330000,5.360000,5.290000,5.360000,5.360000,64200
2019-01-18,5.410000,5.460000,5.410000,5.450000,5.450000,21500
2019-01-22,5.420000,5.460000,5.400000,5.420000,5.420000,47900
2019-01-23,5.420000,5.420000,5.370000,5.400000,5.400000,18400
2019-01-24,5.440000,5.470000,5.430000,5.460000,5.460000,29100
2019-01-25,5.520000,5.530000,5.500000,5.520000,5.520000,45900
2019-01-28,5.480000,5.490000,5.450000,5.470000,5.470000,67100
2019-01-29,5.450000,5.460000,5.420000,5.440000,5.440000,36600
2019-01-30,5.430000,5.490000,5.410000,5.470000,5.470000,21100
2019-01-31,5.460000,5.500000,5.440000,5.490000,5.490000,64900
2019-02-01,5.470000,5.470000,5.440000,5.450000,5.450000,113600
2019-02-04,5.500000,5.520000,5.480000,5.500000,5.500000,26500
2019-02-05,5.510000,5.520000,5.490000,5.510000,5.510000,33300
2019-02-06,5.670000,5.850000,5.670000,5.700000,5.700000,85300
2019-02-07,5.820000,5.850000,5.800000,5.820000,5.820000,7500
2019-02-08,5.670000,5.690000,5.660000,5.690000,5.690000,29500
2019-02-11,5.700000,5.710000,5.680000,5.700000,5.700000,13700
2019-02-12,5.820000,5.840000,5.820000,5.830000,5.830000,19300
2019-02-13,5.850000,5.870000,5.840000,5.840000,5.840000,16000
2019-02-14,5.780000,5.800000,5.770000,5.790000,5.790000,11500
2019-02-15,5.780000,5.810000,5.770000,5.800000,5.800000,22300
2019-02-19,5.740000,5.770000,5.730000,5.750000,5.750000,29900
2019-02-20,5.780000,5.790000,5.760000,5.780000,5.780000,25500
2019-02-21,5.770000,5.770000,5.740000,5.750000,5.750000,31600
2019-02-22,5.790000,5.790000,5.770000,5.780000,5.780000,10700
2019-02-25,5.810000,5.830000,5.800000,5.810000,5.810000,34600
2019-02-26,5.870000,5.880000,5.840000,5.860000,5.860000,12600
2019-02-27,5.880000,5.890000,5.850000,5.870000,5.870000,9700
2019-02-28,5.850000,5.860000,5.830000,5.840000,5.840000,14800
2019-03-01,5.860000,5.890000,5.840000,5.880000,5.880000,20700
2019-03-04,5.740000,5.770000,5.650000,5.690000,5.690000,116300
2019-03-05,5.680000,5.690000,5.630000,5.690000,5.690000,35900
2019-03-06,5.650000,5.680000,5.640000,5.640000,5.640000,103400
2019-03-07,5.510000,5.540000,5.510000,5.530000,5.530000,15800
2019-03-08,5.530000,5.530000,5.390000,5.460000,5.460000,30700
2019-03-11,5.500000,5.530000,5.490000,5.510000,5.510000,46800
2019-03-12,5.500000,5.580000,5.500000,5.550000,5.550000,32800
2019-03-13,5.520000,5.540000,5.520000,5.530000,5.530000,7200
2019-03-14,5.450000,5.480000,5.440000,5.460000,5.460000,18300
2019-03-15,5.510000,5.520000,5.500000,5.520000,5.520000,37200
2019-03-18,5.530000,5.610000,5.530000,5.600000,5.600000,35300
2019-03-19,5.600000,5.610000,5.560000,5.580000,5.580000,15200
2019-03-20,5.570000,5.620000,5.550000,5.590000,5.590000,17500
2019-03-21,5.590000,5.630000,5.590000,5.620000,5.620000,38700
2019-03-22,5.620000,5.660000,5.580000,5.590000,5.590000,32400
2019-03-25,5.600000,5.640000,5.580000,5.630000,5.630000,18100
2019-03-26,5.710000,5.730000,5.690000,5.720000,5.720000,18200
2019-03-27,5.740000,5.790000,5.630000,5.720000,5.720000,11600
2019-03-28,5.590000,5.620000,5.590000,5.610000,5.610000,18800
2019-03-29,5.540000,5.570000,5.540000,5.560000,5.560000,21000
2019-04-01,5.640000,5.670000,5.640000,5.660000,5.660000,32400
2019-04-02,5.750000,5.750000,5.730000,5.750000,5.750000,28000
2019-04-03,5.760000,5.790000,5.750000,5.760000,5.760000,8600
2019-04-04,5.720000,5.760000,5.720000,5.750000,5.750000,12600
2019-04-05,5.780000,5.820000,5.780000,5.810000,5.810000,18000
2019-04-08,5.780000,5.780000,5.760000,5.770000,5.770000,30900
2019-04-09,5.890000,5.910000,5.890000,5.900000,5.900000,10900
2019-04-10,5.890000,5.890000,5.860000,5.870000,5.870000,20400
2019-04-11,5.900000,5.900000,5.860000,5.870000,5.870000,13300
2019-04-12,5.900000,5.900000,5.880000,5.890000,5.890000,5900
2019-04-15,5.840000,5.840000,5.800000,5.820000,5.820000,11700
2019-04-16,5.830000,5.850000,5.820000,5.840000,5.840000,5100
2019-04-17,5.960000,5.980000,5.960000,5.980000,5.980000,5300
2019-04-18,6.050000,6.050000,6.020000,6.020000,6.020000,3500
2019-04-22,5.930000,5.940000,5.920000,5.930000,5.930000,9800
2019-04-23,5.940000,5.970000,5.920000,5.970000,5.970000,28600
2019-04-24,5.830000,5.880000,5.830000,5.850000,5.850000,22200
2019-04-25,5.860000,5.870000,5.850000,5.870000,5.870000,31600
2019-04-26,5.870000,5.870000,5.840000,5.860000,5.860000,15400
2019-04-29,5.840000,5.890000,5.840000,5.880000,5.880000,20700
2019-04-30,5.890000,5.900000,5.860000,5.880000,5.880000,20400
2019-05-01,5.900000,5.900000,5.850000,5.870000,5.870000,8900
2019-05-02,5.840000,5.860000,5.840000,5.850000,5.850000,8500
2019-05-03,5.920000,5.930000,5.870000,5.930000,5.930000,2800
2019-05-06,5.800000,5.870000,5.780000,5.870000,5.870000,8400
2019-05-07,5.830000,5.900000,5.780000,5.860000,5.860000,89400
2019-05-08,5.850000,5.860000,5.830000,5.860000,5.860000,36900
2019-05-09,5.850000,5.910000,5.850000,5.890000,5.890000,25400
2019-05-10,5.750000,5.750000,5.690000,5.740000,5.740000,12500
2019-05-13,5.590000,5.610000,5.560000,5.590000,5.590000,22900
2019-05-14,5.460000,5.560000,5.460000,5.550000,5.550000,53900
2019-05-15,5.500000,5.600000,5.470000,5.600000,5.600000,68600
2019-05-16,5.590000,5.590000,5.520000,5.530000,5.530000,18300
2019-05-17,5.490000,5.490000,5.430000,5.430000,5.430000,39800
2019-05-20,5.380000,5.390000,5.360000,5.390000,5.390000,7700
2019-05-21,5.350000,5.370000,5.340000,5.350000,5.350000,18400
2019-05-22,5.260000,5.270000,5.240000,5.240000,5.240000,19200
2019-05-23,5.220000,5.220000,5.120000,5.150000,5.150000,24300
2019-05-24,5.340000,5.340000,5.240000,5.270000,5.270000,35200
2019-05-28,5.290000,5.300000,5.220000,5.220000,5.220000,79600
2019-05-29,5.210000,5.230000,5.190000,5.190000,5.190000,74400
2019-05-30,5.140000,5.180000,5.140000,5.150000,5.150000,52000
2019-05-31,4.830000,4.830000,4.760000,4.830000,4.830000,73900
2019-06-03,4.820000,4.900000,4.820000,4.870000,4.870000,44000
2019-06-04,4.910000,5.020000,4.910000,5.010000,5.010000,81700
2019-06-05,5.130000,5.160000,5.100000,5.120000,5.120000,73600
2019-06-06,5.100000,5.120000,5.100000,5.100000,5.100000,119900
2019-06-07,5.130000,5.150000,5.110000,5.140000,5.140000,109500
2019-06-10,5.210000,5.210000,5.130000,5.150000,5.150000,170800
2019-06-11,5.170000,5.210000,5.170000,5.190000,5.190000,165500
2019-06-12,5.090000,5.100000,5.070000,5.070000,5.070000,21400
2019-06-13,5.100000,5.100000,5.020000,5.030000,5.030000,62400
2019-06-14,5.000000,5.050000,5.000000,5.030000,5.030000,84200
2019-06-17,5.040000,5.040000,5.010000,5.020000,5.020000,115100
2019-06-18,5.100000,5.140000,5.100000,5.120000,5.120000,238000
2019-06-19,5.190000,5.190000,5.170000,5.190000,5.190000,37400
2019-06-20,5.180000,5.180000,5.130000,5.150000,5.150000,178200
2019-06-21,5.190000,5.190000,5.070000,5.110000,5.110000,58400
2019-06-24,5.120000,5.210000,5.120000,5.130000,5.130000,69400
2019-06-25,5.110000,5.130000,5.080000,5.090000,5.090000,45700
2019-06-26,5.000000,5.040000,5.000000,5.020000,5.020000,58800
2019-06-27,5.110000,5.140000,5.110000,5.130000,5.130000,21200
2019-06-28,5.130000,5.180000,5.130000,5.160000,5.160000,41400
2019-07-01,5.310000,5.310000,5.200000,5.210000,5.210000,65900
2019-07-02,5.250000,5.250000,5.180000,5.180000,5.180000,170700
2019-07-03,5.210000,5.210000,5.150000,5.170000,5.170000,14700
2019-07-05,5.040000,5.110000,5.040000,5.100000,5.100000,42800
2019-07-08,5.050000,5.100000,5.050000,5.080000,5.080000,64800
2019-07-09,5.040000,5.070000,5.030000,5.030000,5.030000,49500
2019-07-10,5.230000,5.230000,5.050000,5.070000,5.070000,139300
2019-07-11,5.050000,5.180000,5.050000,5.070000,5.070000,69000
2019-07-12,5.080000,5.100000,5.080000,5.080000,5.080000,52400
2019-07-15,5.100000,5.100000,5.080000,5.080000,5.080000,44200
2019-07-16,5.080000,5.100000,5.070000,5.100000,5.100000,62800
2019-07-17,5.130000,5.130000,5.050000,5.050000,5.050000,80700
2019-07-18,4.940000,5.040000,4.940000,5.020000,5.020000,66000
2019-07-19,5.020000,5.060000,5.020000,5.040000,5.040000,18800
2019-07-22,5.110000,5.130000,5.030000,5.040000,5.040000,50900
2019-07-23,5.010000,5.090000,5.010000,5.080000,5.080000,162600
2019-07-24,4.990000,5.100000,4.990000,5.100000,5.100000,49500
2019-07-25,5.080000,5.100000,5.020000,5.020000,5.020000,30100
2019-07-26,5.000000,5.000000,4.970000,4.990000,4.990000,46900
2019-07-29,4.940000,5.030000,4.940000,5.030000,5.030000,44700
2019-07-30,4.960000,5.000000,4.950000,4.960000,4.960000,87200
2019-07-31,4.810000,4.820000,4.700000,4.760000,4.760000,103000
2019-08-01,4.770000,4.870000,4.730000,4.770000,4.770000,210100
2019-08-02,4.600000,4.650000,4.580000,4.590000,4.590000,61400
2019-08-05,4.500000,4.500000,4.370000,4.370000,4.370000,66400
2019-08-06,4.510000,4.510000,4.460000,4.510000,4.510000,374900
2019-08-07,4.370000,4.420000,4.350000,4.410000,4.410000,101000
2019-08-08,4.380000,4.380000,4.310000,4.360000,4.360000,113800
2019-08-09,4.350000,4.350000,4.270000,4.280000,4.280000,174900
2019-08-12,4.260000,4.290000,4.250000,4.260000,4.260000,86500
2019-08-13,4.160000,4.160000,4.080000,4.140000,4.140000,151700
2019-08-14,4.100000,4.120000,4.060000,4.060000,4.060000,106900
2019-08-15,4.060000,4.100000,4.050000,4.100000,4.100000,253300
2019-08-16,4.090000,4.150000,4.090000,4.140000,4.140000,47000
2019-08-19,4.170000,4.190000,4.170000,4.170000,4.170000,72300
2019-08-20,4.100000,4.110000,4.040000,4.060000,4.060000,461500
2019-08-21,4.060000,4.060000,4.010000,4.020000,4.020000,81600
2019-08-22,4.060000,4.090000,4.050000,4.060000,4.060000,84300
2019-08-23,4.090000,4.100000,4.040000,4.070000,4.070000,39600
2019-08-26,4.110000,4.110000,4.070000,4.070000,4.070000,37500
2019-08-27,4.060000,4.100000,4.050000,4.060000,4.060000,310200
2019-08-28,4.040000,4.120000,4.040000,4.120000,4.120000,73800
2019-08-29,4.070000,4.100000,4.070000,4.090000,4.090000,58500
2019-08-30,4.130000,4.170000,4.120000,4.130000,4.130000,120300
2019-09-03,4.100000,4.100000,4.070000,4.080000,4.080000,65900
2019-09-04,4.130000,4.130000,4.070000,4.090000,4.090000,521100
2019-09-05,4.170000,4.190000,4.160000,4.170000,4.170000,175100
2019-09-06,4.290000,4.330000,4.270000,4.270000,4.270000,90000
2019-09-09,4.300000,4.300000,4.300000,4.300000,4.300000,38100
2019-09-10,4.500000,4.500000,4.460000,4.480000,4.480000,53000
2019-09-11,4.580000,4.620000,4.580000,4.610000,4.610000,118700
2019-09-12,4.690000,4.690000,4.590000,4.630000,4.630000,56500
2019-09-13,4.600000,4.630000,4.600000,4.630000,4.630000,91300
2019-09-16,4.690000,4.690000,4.600000,4.620000,4.620000,42200
2019-09-17,4.610000,4.660000,4.600000,4.630000,4.630000,22600
2019-09-18,4.580000,4.600000,4.510000,4.540000,4.540000,79000
2019-09-19,4.510000,4.520000,4.490000,4.500000,4.500000,100100
2019-09-20,4.500000,4.510000,4.460000,4.490000,4.490000,44200
2019-09-23,4.470000,4.480000,4.450000,4.470000,4.470000,56200
2019-09-24,4.480000,4.500000,4.440000,4.460000,4.460000,163400
2019-09-25,4.500000,4.500000,4.460000,4.490000,4.490000,36400
2019-09-26,4.550000,4.630000,4.480000,4.490000,4.490000,131800
2019-09-27,4.420000,4.420000,4.370000,4.400000,4.400000,96300
2019-09-30,4.430000,4.470000,4.420000,4.430000,4.430000,54800
2019-10-01,4.500000,4.550000,4.500000,4.530000,4.530000,213400
2019-10-02,4.400000,4.400000,4.320000,4.330000,4.330000,75600
2019-10-03,4.320000,4.340000,4.290000,4.340000,4.340000,176800
2019-10-04,4.460000,4.460000,4.370000,4.380000,4.380000,126700
2019-10-07,4.460000,4.460000,4.390000,4.400000,4.400000,90900
2019-10-08,4.370000,4.400000,4.340000,4.350000,4.350000,261700
2019-10-09,4.380000,4.400000,4.340000,4.370000,4.370000,89400
2019-10-10,4.350000,4.380000,4.340000,4.370000,4.370000,338300
2019-10-11,4.370000,4.460000,4.370000,4.430000,4.430000,800
2019-10-14,4.390000,4.530000,4.390000,4.450000,4.450000,15600
2019-10-15,4.500000,4.560000,4.500000,4.520000,4.520000,38500
2019-10-16,4.570000,4.570000,4.500000,4.510000,4.510000,37900
2019-10-17,4.560000,4.590000,4.550000,4.550000,4.550000,37700
2019-10-18,4.530000,4.560000,4.530000,4.550000,4.550000,116000
2019-10-21,4.560000,4.560000,4.500000,4.530000,4.530000,44600
2019-10-22,4.500000,4.580000,4.500000,4.540000,4.540000,39800
2019-10-23,4.480000,4.590000,4.480000,4.560000,4.560000,26300
2019-10-24,4.570000,4.570000,4.540000,4.560000,4.560000,61600
2019-10-25,4.540000,4.570000,4.540000,4.570000,4.570000,16300
2019-10-28,4.570000,4.600000,4.540000,4.570000,4.570000,16900
2019-10-29,4.610000,4.680000,4.610000,4.660000,4.660000,18200
2019-10-30,4.660000,4.660000,4.580000,4.580000,4.580000,32300
2019-10-31,4.600000,4.600000,4.520000,4.560000,4.560000,26100
2019-11-01,4.500000,4.510000,4.450000,4.490000,4.490000,12600
2019-11-04,4.500000,4.580000,4.500000,4.580000,4.580000,14700
2019-11-05,4.600000,4.620000,4.580000,4.610000,4.610000,15300
2019-11-06,4.610000,4.630000,4.600000,4.620000,4.620000,42800
2019-11-07,4.590000,4.600000,4.560000,4.580000,4.580000,8400
2019-11-08,4.600000,4.600000,4.580000,4.590000,4.590000,6800
2019-11-11,4.610000,4.610000,4.540000,4.540000,4.540000,13400
2019-11-12,4.510000,4.610000,4.510000,4.580000,4.580000,12800
2019-11-13,4.530000,4.570000,4.530000,4.550000,4.550000,22500
2019-11-14,4.470000,4.500000,4.440000,4.460000,4.460000,29400
2019-11-15,4.410000,4.450000,4.410000,4.440000,4.440000,4000
2019-11-18,4.500000,4.500000,4.420000,4.420000,4.420000,13700
2019-11-19,4.410000,4.410000,4.390000,4.390000,4.390000,30700
2019-11-20,4.350000,4.370000,4.330000,4.330000,4.330000,10800
2019-11-21,4.380000,4.380000,4.350000,4.350000,4.350000,61500
2019-11-22,4.340000,4.370000,4.340000,4.360000,4.360000,23700
2019-11-25,4.400000,4.420000,4.380000,4.400000,4.400000,23500
2019-11-26,4.390000,4.410000,4.370000,4.380000,4.380000,31100
2019-11-27,4.400000,4.430000,4.390000,4.390000,4.390000,39200
2019-11-29,4.390000,4.430000,4.350000,4.400000,4.400000,9400
2019-12-02,4.360000,4.390000,4.340000,4.360000,4.360000,82400
2019-12-03,4.280000,4.310000,4.240000,4.270000,4.270000,76200
2019-12-04,4.300000,4.300000,4.270000,4.300000,4.300000,60700
2019-12-05,4.370000,4.370000,4.270000,4.290000,4.290000,161300
2019-12-06,4.340000,4.360000,4.330000,4.350000,4.350000,18500
2019-12-09,4.400000,4.400000,4.390000,4.390000,4.390000,55500
2019-12-10,4.360000,4.370000,4.340000,4.360000,4.360000,61900
2019-12-11,4.280000,4.360000,4.280000,4.320000,4.320000,15200
2019-12-12,4.310000,4.350000,4.300000,4.320000,4.320000,57000
2019-12-13,4.350000,4.400000,4.350000,4.380000,4.380000,44700
2019-12-16,4.400000,4.400000,4.340000,4.390000,4.390000,18900
2019-12-17,4.400000,4.400000,4.330000,4.340000,4.340000,37900
2019-12-18,4.340000,4.350000,4.320000,4.330000,4.330000,17700
2019-12-19,4.370000,4.370000,4.310000,4.360000,4.360000,20400
2019-12-20,4.350000,4.350000,4.300000,4.300000,4.300000,44400
2019-12-23,4.280000,4.280000,4.250000,4.260000,4.260000,60300
2019-12-24,4.300000,4.330000,4.260000,4.260000,4.260000,11700
2019-12-26,4.260000,4.260000,4.200000,4.220000,4.220000,69500
2019-12-27,4.220000,4.250000,4.220000,4.230000,4.230000,29700
2019-12-30,4.260000,4.260000,4.200000,4.220000,4.220000,74700
2019-12-31,4.250000,4.250000,4.210000,4.220000,4.220000,17000
2020-01-02,4.290000,4.310000,4.220000,4.250000,4.250000,36100
2020-01-03,4.250000,4.250000,4.210000,4.210000,4.210000,13400
2020-01-06,4.200000,4.240000,4.170000,4.210000,4.210000,42000
2020-01-07,4.230000,4.260000,4.230000,4.230000,4.230000,65100
2020-01-08,4.180000,4.290000,4.180000,4.210000,4.210000,28900
2020-01-09,4.290000,4.320000,4.280000,4.290000,4.290000,33200
2020-01-10,4.430000,4.430000,4.290000,4.310000,4.310000,67200
2020-01-13,4.300000,4.340000,4.210000,4.340000,4.340000,58600
2020-01-14,4.340000,4.360000,4.280000,4.290000,4.290000,17000
2020-01-15,4.310000,4.320000,4.280000,4.280000,4.280000,30900
2020-01-16,4.280000,4.310000,4.280000,4.310000,4.310000,24100
2020-01-17,4.460000,4.600000,4.460000,4.540000,4.540000,26400
2020-01-21,4.430000,4.500000,4.420000,4.430000,4.430000,14500
2020-01-22,4.380000,4.380000,4.340000,4.370000,4.370000,77100
2020-01-23,4.370000,4.390000,4.350000,4.360000,4.360000,28500
2020-01-24,4.360000,4.360000,4.250000,4.270000,4.270000,22300
2020-01-27,4.210000,4.220000,4.180000,4.190000,4.190000,9800
2020-01-28,4.250000,4.280000,4.230000,4.280000,4.280000,113400
2020-01-29,4.240000,4.280000,4.220000,4.260000,4.260000,235200
2020-01-30,4.180000,4.230000,4.170000,4.210000,4.210000,82100
2020-01-31,4.260000,4.260000,4.150000,4.170000,4.170000,83000
2020-02-03,4.170000,4.180000,4.110000,4.110000,4.110000,51300
2020-02-04,4.150000,4.240000,4.150000,4.240000,4.240000,185000
2020-02-05,4.220000,4.260000,4.130000,4.250000,4.250000,118900
2020-02-06,4.330000,4.330000,4.250000,4.260000,4.260000,28100
2020-02-07,4.110000,4.170000,4.070000,4.070000,4.070000,55900
2020-02-10,4.000000,4.040000,3.960000,3.980000,3.980000,124200
2020-02-11,4.050000,4.060000,3.990000,4.030000,4.030000,57400
2020-02-12,4.060000,4.060000,4.030000,4.060000,4.060000,125300
2020-02-13,4.050000,4.080000,4.040000,4.060000,4.060000,63800
2020-02-14,3.980000,4.000000,3.970000,3.980000,3.980000,94700
2020-02-18,4.040000,4.040000,3.970000,3.980000,3.980000,78400
2020-02-19,3.980000,3.980000,3.960000,3.970000,3.970000,137000
2020-02-20,3.940000,3.990000,3.930000,3.960000,3.960000,114600
2020-02-21,3.990000,3.990000,3.940000,3.950000,3.950000,78400
2020-02-24,3.950000,3.950000,3.770000,3.770000,3.770000,82400
2020-02-25,3.700000,3.740000,3.620000,3.630000,3.630000,311300
2020-02-26,3.670000,3.670000,3.590000,3.630000,3.630000,311200
2020-02-27,3.510000,3.530000,3.440000,3.460000,3.460000,261500
2020-02-28,3.280000,3.390000,3.280000,3.360000,3.360000,205500
2020-03-02,3.370000,3.630000,3.360000,3.460000,3.460000,228800
2020-03-03,3.450000,3.450000,3.320000,3.370000,3.370000,666700
2020-03-04,3.460000,3.460000,3.350000,3.420000,3.420000,146200
2020-03-05,3.320000,3.370000,3.290000,3.300000,3.300000,179400
2020-03-06,3.210000,3.240000,3.170000,3.240000,3.240000,379400
2020-03-09,3.010000,3.010000,2.890000,2.950000,2.950000,157500
2020-03-10,3.230000,3.230000,2.940000,3.090000,3.090000,610200
2020-03-11,3.090000,3.110000,2.980000,3.000000,3.000000,404600
2020-03-12,2.890000,2.890000,2.600000,2.830000,2.830000,526200
2020-03-13,2.810000,2.840000,2.640000,2.830000,2.830000,503200
2020-03-16,2.670000,2.670000,2.500000,2.570000,2.570000,242600
2020-03-17,2.550000,2.800000,2.550000,2.750000,2.750000,353000
2020-03-18,2.880000,2.950000,2.570000,2.700000,2.700000,186200
2020-03-19,2.880000,3.180000,2.850000,2.920000,2.920000,91600
2020-03-20,3.060000,3.080000,2.900000,2.940000,2.940000,61600
2020-03-23,2.890000,2.890000,2.600000,2.660000,2.660000,53100
2020-03-24,3.000000,3.000000,2.800000,2.850000,2.850000,869000
2020-03-25,2.950000,2.990000,2.780000,2.870000,2.870000,156400
2020-03-26,3.000000,3.050000,2.520000,2.880000,2.880000,52000
2020-03-27,3.010000,3.020000,2.740000,2.800000,2.800000,150700
2020-03-30,2.790000,2.880000,2.720000,2.840000,2.840000,627200
2020-03-31,2.700000,2.870000,2.510000,2.660000,2.660000,465500
2020-04-01,2.510000,2.700000,2.420000,2.420000,2.420000,117400
2020-04-02,2.540000,2.540000,2.330000,2.370000,2.370000,133500
2020-04-03,2.390000,2.480000,2.280000,2.300000,2.300000,245000
2020-04-06,2.290000,2.500000,2.290000,2.500000,2.500000,168600
2020-04-07,2.930000,2.930000,2.540000,2.550000,2.550000,123800
2020-04-08,2.670000,2.670000,2.510000,2.580000,2.580000,109600
2020-04-09,2.680000,2.930000,2.680000,2.710000,2.710000,126300
2020-04-13,2.840000,2.840000,2.580000,2.580000,2.580000,132900
2020-04-14,2.710000,2.780000,2.690000,2.730000,2.730000,898900
2020-04-15,2.600000,2.700000,2.600000,2.640000,2.640000,103500
2020-04-16,2.640000,2.640000,2.450000,2.480000,2.480000,164700
2020-04-17,2.600000,2.660000,2.540000,2.560000,2.560000,311600
2020-04-20,2.610000,2.610000,2.480000,2.530000,2.530000,318300
2020-04-21,2.550000,2.550000,2.430000,2.450000,2.450000,707900
2020-04-22,2.500000,2.500000,2.400000,2.450000,2.450000,222200
2020-04-23,2.460000,2.570000,2.460000,2.490000,2.490000,259900
2020-04-24,2.420000,2.610000,2.420000,2.560000,2.560000,62400
2020-04-27,2.580000,2.680000,2.580000,2.620000,2.620000,231200
2020-04-28,2.750000,2.750000,2.680000,2.680000,2.680000,346200
2020-04-29,2.810000,2.810000,2.720000,2.790000,2.790000,77700
2020-04-30,2.860000,2.860000,2.750000,2.780000,2.780000,340700
2020-05-01,2.720000,2.720000,2.590000,2.620000,2.620000,63300
2020-05-04,2.810000,2.810000,2.590000,2.600000,2.600000,81000
2020-05-05,2.600000,2.710000,2.600000,2.680000,2.680000,27700
2020-05-06,2.700000,2.730000,2.610000,2.610000,2.610000,52800
2020-05-07,2.550000,2.600000,2.550000,2.590000,2.590000,589000
2020-05-08,2.680000,2.710000,2.640000,2.700000,2.700000,40900
2020-05-11,2.840000,2.920000,2.840000,2.890000,2.890000,105400
2020-05-12,2.860000,2.870000,2.730000,2.810000,2.810000,703200
2020-05-13,2.730000,2.780000,2.720000,2.740000,2.740000,304300
2020-05-14,2.720000,2.720000,2.620000,2.680000,2.680000,152700
2020-05-15,2.860000,2.860000,2.760000,2.800000,2.800000,27600
2020-05-18,2.860000,2.860000,2.820000,2.840000,2.840000,47500
2020-05-19,2.840000,2.920000,2.840000,2.850000,2.850000,342400
2020-05-20,2.900000,2.950000,2.870000,2.910000,2.910000,47500
2020-05-21,2.860000,2.930000,2.830000,2.830000,2.830000,69600
2020-05-22,2.830000,2.870000,2.810000,2.810000,2.810000,10300
2020-05-26,3.040000,3.040000,2.960000,2.970000,2.970000,43800
2020-05-27,3.100000,3.200000,3.100000,3.150000,3.150000,154100
2020-05-28,3.600000,3.600000,3.330000,3.420000,3.420000,184500
2020-05-29,3.080000,3.270000,3.080000,3.170000,3.170000,164400
2020-06-01,3.140000,3.250000,3.140000,3.220000,3.220000,43700
2020-06-02,3.230000,3.270000,3.190000,3.210000,3.210000,75600
2020-06-03,3.400000,3.520000,3.310000,3.480000,3.480000,73600
2020-06-04,3.420000,3.430000,3.400000,3.420000,3.420000,23300
2020-06-05,3.630000,3.680000,3.580000,3.660000,3.660000,23000
2020-06-08,3.900000,3.900000,3.820000,3.850000,3.850000,53900
2020-06-09,3.710000,3.710000,3.550000,3.670000,3.670000,38900
2020-06-10,3.600000,3.720000,3.600000,3.690000,3.690000,19300
2020-06-11,3.440000,3.500000,3.350000,3.390000,3.390000,52500
2020-06-12,3.550000,3.550000,3.440000,3.460000,3.460000,23700
2020-06-15,2.980000,3.360000,2.980000,3.350000,3.350000,62900
2020-06-16,3.540000,3.640000,3.500000,3.550000,3.550000,34800
2020-06-17,3.540000,3.540000,3.420000,3.430000,3.430000,20200
2020-06-18,3.450000,3.450000,3.350000,3.380000,3.380000,25000
2020-06-19,3.360000,3.360000,3.220000,3.240000,3.240000,64400
2020-06-22,3.250000,3.300000,3.200000,3.240000,3.240000,21900
2020-06-23,3.290000,3.300000,3.210000,3.260000,3.260000,35800
2020-06-24,3.170000,3.170000,3.070000,3.070000,3.070000,18100
2020-06-25,3.050000,3.050000,2.970000,3.020000,3.020000,49200
2020-06-26,2.970000,2.970000,2.880000,2.890000,2.890000,51000
2020-06-29,2.830000,2.950000,2.830000,2.880000,2.880000,27400
2020-06-30,2.990000,2.990000,2.920000,2.940000,2.940000,78400
2020-07-01,3.030000,3.030000,2.950000,2.970000,2.970000,45600
2020-07-02,3.030000,3.140000,3.030000,3.060000,3.060000,115400
2020-07-06,3.180000,3.180000,3.100000,3.120000,3.120000,32500
2020-07-07,3.020000,3.040000,2.980000,3.010000,3.010000,139900
2020-07-08,3.000000,3.020000,2.970000,3.000000,3.000000,22900
2020-07-09,2.950000,2.970000,2.910000,2.930000,2.930000,23900
2020-07-10,2.960000,2.960000,2.910000,2.940000,2.940000,26300
2020-07-13,3.180000,3.180000,3.080000,3.090000,3.090000,39400
2020-07-14,3.110000,3.120000,3.070000,3.100000,3.100000,37000
2020-07-15,3.260000,3.260000,3.220000,3.250000,3.250000,19000
2020-07-16,3.310000,3.380000,3.310000,3.340000,3.340000,46500
2020-07-17,3.310000,3.310000,3.250000,3.270000,3.270000,89600
2020-07-20,3.270000,3.270000,3.240000,3.270000,3.270000,39600
2020-07-21,3.160000,3.200000,3.160000,3.180000,3.180000,35800
2020-07-22,3.230000,3.230000,3.180000,3.200000,3.200000,18500
2020-07-23,3.170000,3.230000,3.170000,3.170000,3.170000,25600
2020-07-24,3.210000,3.210000,3.160000,3.170000,3.170000,34000
2020-07-27,3.250000,3.280000,3.220000,3.280000,3.280000,19600
2020-07-28,3.100000,3.200000,3.100000,3.180000,3.180000,39700
2020-07-29,3.080000,3.080000,3.020000,3.040000,3.040000,33900
2020-07-30,2.960000,2.970000,2.910000,2.960000,2.960000,181600
2020-07-31,2.950000,2.970000,2.820000,2.970000,2.970000,42900
2020-08-03,2.840000,2.840000,2.720000,2.760000,2.760000,197800
2020-08-04,2.850000,2.960000,2.850000,2.940000,2.940000,162300
2020-08-05,2.940000,2.940000,2.880000,2.900000,2.900000,81800
2020-08-06,2.840000,2.840000,2.800000,2.810000,2.810000,36000
2020-08-07,2.810000,2.880000,2.810000,2.850000,2.850000,68900
2020-08-10,3.010000,3.010000,2.690000,2.880000,2.880000,79500
2020-08-11,3.090000,3.090000,3.020000,3.040000,3.040000,135000
2020-08-12,3.200000,3.200000,3.100000,3.120000,3.120000,87700
2020-08-13,2.990000,3.150000,2.990000,3.120000,3.120000,78800
2020-08-14,3.010000,3.060000,2.920000,3.020000,3.020000,43600
2020-08-17,3.000000,3.100000,3.000000,3.070000,3.070000,27900
2020-08-18,3.050000,3.050000,2.940000,2.990000,2.990000,41200
2020-08-19,3.040000,3.080000,3.010000,3.050000,3.050000,46900
2020-08-20,2.950000,3.030000,2.950000,3.020000,3.020000,65400
2020-08-21,3.050000,3.090000,3.040000,3.060000,3.060000,16700
2020-08-24,3.090000,3.090000,3.000000,3.040000,3.040000,87300
2020-08-25,3.050000,3.110000,3.050000,3.110000,3.110000,34300
2020-08-26,3.200000,3.200000,3.130000,3.150000,3.150000,25800
2020-08-27,3.130000,3.130000,3.030000,3.030000,3.030000,30700
2020-08-28,3.080000,3.140000,3.080000,3.110000,3.110000,56900
2020-08-31,3.100000,3.170000,3.100000,3.170000,3.170000,41400
2020-09-01,3.160000,3.180000,3.120000,3.120000,3.120000,46800
2020-09-02,3.150000,3.160000,3.090000,3.140000,3.140000,26700
2020-09-03,3.120000,3.120000,3.030000,3.060000,3.060000,47600
2020-09-04,3.050000,3.110000,3.040000,3.080000,3.080000,51400
2020-09-08,3.170000,3.180000,3.060000,3.150000,3.150000,59900
2020-09-09,3.150000,3.160000,3.120000,3.130000,3.130000,21200
2020-09-10,3.170000,3.230000,3.170000,3.200000,3.200000,28100
2020-09-11,3.150000,3.220000,3.150000,3.210000,3.210000,63500
2020-09-14,3.260000,3.260000,3.190000,3.200000,3.200000,26600
2020-09-15,3.200000,3.200000,3.120000,3.130000,3.130000,38000
2020-09-16,3.140000,3.140000,3.070000,3.100000,3.100000,30700
2020-09-17,3.040000,3.040000,3.000000,3.000000,3.000000,47700
2020-09-18,3.090000,3.090000,3.000000,3.010000,3.010000,88000
2020-09-21,2.860000,3.040000,2.860000,2.950000,2.950000,53500
2020-09-22,2.980000,2.980000,2.950000,2.970000,2.970000,20200
2020-09-23,2.960000,2.960000,2.920000,2.930000,2.930000,72600
2020-09-24,2.910000,2.910000,2.820000,2.860000,2.860000,90900
2020-09-25,2.890000,2.890000,2.800000,2.840000,2.840000,23700
2020-09-28,2.900000,2.900000,2.860000,2.870000,2.870000,36600
2020-09-29,2.850000,3.000000,2.850000,2.890000,2.890000,119900
2020-09-30,2.890000,2.890000,2.860000,2.880000,2.880000,226300
2020-10-01,2.950000,2.950000,2.860000,2.870000,2.870000,41000
2020-10-02,2.850000,2.850000,2.800000,2.810000,2.810000,507100
2020-10-05,2.950000,2.950000,2.770000,2.860000,2.860000,49200
2020-10-06,2.810000,2.950000,2.810000,2.850000,2.850000,122800
2020-10-07,2.830000,2.940000,2.830000,2.930000,2.930000,18000
2020-10-08,2.850000,2.890000,2.850000,2.870000,2.870000,211400
2020-10-09,2.860000,2.920000,2.820000,2.840000,2.840000,38100
2020-10-12,2.900000,2.900000,2.800000,2.850000,2.850000,55900
2020-10-13,2.960000,2.960000,2.840000,2.870000,2.870000,70500
2020-10-14,2.940000,2.940000,2.800000,2.880000,2.880000,32900
2020-10-15,2.870000,2.870000,2.820000,2.850000,2.850000,52600
2020-10-16,2.800000,2.900000,2.800000,2.850000,2.850000,24100
2020-10-19,2.810000,2.890000,2.810000,2.830000,2.830000,39800
2020-10-20,2.880000,2.880000,2.760000,2.830000,2.830000,95800
2020-10-21,2.860000,2.890000,2.860000,2.870000,2.870000,75800
2020-10-22,2.880000,2.880000,2.840000,2.840000,2.840000,43900
2020-10-23,2.870000,2.910000,2.870000,2.900000,2.900000,36500
2020-10-26,2.810000,2.920000,2.810000,2.890000,2.890000,24700
2020-10-27,3.020000,3.020000,2.820000,2.820000,2.820000,69600
2020-10-28,2.710000,2.710000,2.610000,2.630000,2.630000,55800
2020-10-29,2.740000,2.740000,2.630000,2.650000,2.650000,299100
2020-10-30,2.650000,2.660000,2.570000,2.580000,2.580000,180700
2020-11-02,2.770000,2.770000,2.610000,2.680000,2.680000,107400
2020-11-03,2.820000,2.820000,2.730000,2.780000,2.780000,60800
2020-11-04,2.780000,2.810000,2.730000,2.770000,2.770000,108500
2020-11-05,2.870000,2.870000,2.710000,2.780000,2.780000,27000
2020-11-06,2.810000,2.850000,2.810000,2.830000,2.830000,76900
2020-11-09,2.920000,2.920000,2.830000,2.860000,2.860000,81000
2020-11-10,2.920000,3.100000,2.920000,3.030000,3.030000,124500
2020-11-11,3.060000,3.060000,2.920000,3.050000,3.050000,45800
2020-11-12,2.990000,2.990000,2.870000,2.870000,2.870000,48500
2020-11-13,2.930000,2.970000,2.900000,2.910000,2.910000,32100
2020-11-16,3.150000,3.200000,3.030000,3.110000,3.110000,73400
2020-11-17,3.000000,3.150000,3.000000,3.050000,3.050000,19100
2020-11-18,3.150000,3.150000,3.000000,3.030000,3.030000,19600
2020-11-19,3.010000,3.030000,2.960000,2.970000,2.970000,64300
2020-11-20,3.040000,3.120000,3.010000,3.040000,3.040000,34800
2020-11-23,2.980000,3.160000,2.980000,3.080000,3.080000,43100
2020-11-24,3.090000,3.200000,3.090000,3.180000,3.180000,59900
2020-11-25,3.200000,3.200000,3.100000,3.160000,3.160000,60900
2020-11-27,3.190000,3.190000,3.050000,3.110000,3.110000,11400
2020-11-30,3.000000,3.100000,2.930000,2.930000,2.930000,466200
2020-12-01,3.090000,3.090000,2.990000,3.020000,3.020000,183600
2020-12-02,3.100000,3.100000,3.000000,3.020000,3.020000,35400
2020-12-03,2.990000,3.070000,2.990000,3.070000,3.070000,46800
2020-12-04,3.100000,3.120000,3.070000,3.120000,3.120000,91500
2020-12-07,3.150000,3.150000,3.050000,3.050000,3.050000,61700
2020-12-08,3.150000,3.150000,3.060000,3.080000,3.080000,82200
2020-12-09,3.200000,3.200000,3.060000,3.090000,3.090000,34400
2020-12-10,3.060000,3.140000,3.060000,3.110000,3.110000,23200
2020-12-11,3.070000,3.170000,3.070000,3.130000,3.130000,18500
2020-12-14,3.250000,3.250000,3.170000,3.170000,3.170000,44800
2020-12-15,3.250000,3.250000,3.170000,3.220000,3.220000,36700
2020-12-16,3.300000,3.380000,3.280000,3.330000,3.330000,121600
2020-12-17,3.410000,3.410000,3.260000,3.290000,3.290000,20500
2020-12-18,3.290000,3.390000,3.290000,3.370000,3.370000,54200
2020-12-21,3.380000,3.380000,3.250000,3.280000,3.280000,65800
2020-12-22,3.370000,3.370000,3.290000,3.330000,3.330000,56500
2020-12-23,3.120000,3.330000,3.120000,3.270000,3.270000,102500
2020-12-24,3.390000,3.390000,3.250000,3.310000,3.310000,14900
2020-12-28,3.190000,3.330000,3.190000,3.270000,3.270000,42500
2020-12-29,3.230000,3.400000,3.230000,3.310000,3.310000,36600
2020-12-30,3.400000,3.400000,3.290000,3.300000,3.300000,25300
2020-12-31,3.390000,3.390000,3.250000,3.340000,3.340000,39800
2021-01-04,3.320000,3.320000,3.220000,3.270000,3.270000,143400
2021-01-05,3.090000,3.280000,3.090000,3.240000,3.240000,63900
2021-01-06,3.400000,3.400000,3.210000,3.370000,3.370000,53200
2021-01-07,3.520000,3.520000,3.400000,3.470000,3.470000,23800
2021-01-08,3.630000,3.630000,3.510000,3.550000,3.550000,47500
2021-01-11,3.600000,3.620000,3.500000,3.550000,3.550000,54500
2021-01-12,3.600000,3.600000,3.500000,3.540000,3.540000,46200
2021-01-13,3.390000,3.600000,3.390000,3.540000,3.540000,12200
2021-01-14,3.720000,3.720000,3.630000,3.630000,3.630000,46400
2021-01-15,3.700000,3.700000,3.570000,3.620000,3.620000,31000
2021-01-19,3.700000,3.750000,3.630000,3.730000,3.730000,43700
2021-01-20,3.690000,3.850000,3.690000,3.800000,3.800000,32400
2021-01-21,3.800000,3.800000,3.670000,3.700000,3.700000,48600
2021-01-22,3.740000,3.740000,3.620000,3.680000,3.680000,19000
2021-01-25,3.730000,3.730000,3.600000,3.640000,3.640000,34300
2021-01-26,3.640000,3.650000,3.620000,3.630000,3.630000,21800
2021-01-27,3.630000,3.630000,3.480000,3.510000,3.510000,68000
2021-01-28,3.580000,3.750000,3.580000,3.740000,3.740000,70600
2021-01-29,3.630000,3.630000,3.520000,3.570000,3.570000,89700
2021-02-01,3.710000,3.710000,3.570000,3.620000,3.620000,48000
2021-02-02,3.730000,3.730000,3.630000,3.700000,3.700000,44700
2021-02-03,3.860000,3.860000,3.750000,3.760000,3.760000,77400
2021-02-04,3.910000,4.000000,3.880000,3.950000,3.950000,67300
2021-02-05,4.490000,4.570000,4.490000,4.540000,4.540000,81000
2021-02-08,4.570000,4.570000,4.520000,4.550000,4.550000,55900
2021-02-09,4.450000,4.450000,4.160000,4.240000,4.240000,61500
2021-02-10,4.220000,4.300000,4.210000,4.220000,4.220000,68000
2021-02-11,4.220000,4.300000,4.200000,4.260000,4.260000,48700
2021-02-12,4.250000,4.250000,4.170000,4.240000,4.240000,64200
2021-02-16,4.150000,4.360000,4.150000,4.190000,4.190000,30600
2021-02-17,4.320000,4.390000,4.200000,4.320000,4.320000,52700
2021-02-18,4.080000,4.140000,4.000000,4.050000,4.050000,52700
2021-02-19,4.160000,4.160000,4.050000,4.080000,4.080000,54400
2021-02-22,4.140000,4.140000,4.000000,4.040000,4.040000,92000
2021-02-23,4.130000,4.130000,3.980000,4.030000,4.030000,56400
2021-02-24,4.040000,4.180000,4.040000,4.120000,4.120000,75900
2021-02-25,4.110000,4.140000,3.920000,3.940000,3.940000,68800
2021-02-26,3.950000,4.000000,3.930000,3.970000,3.970000,59400
2021-03-01,4.080000,4.080000,4.000000,4.060000,4.060000,36400
2021-03-02,4.060000,4.090000,4.040000,4.040000,4.040000,36000
2021-03-03,4.170000,4.200000,4.120000,4.140000,4.140000,19700
2021-03-04,4.170000,4.170000,4.030000,4.040000,4.040000,35700
2021-03-05,4.150000,4.270000,4.080000,4.250000,4.250000,59500
2021-03-08,4.260000,4.280000,4.080000,4.200000,4.200000,26600
2021-03-09,4.370000,4.370000,4.270000,4.320000,4.320000,33000
2021-03-10,4.260000,4.260000,4.050000,4.190000,4.190000,67300
2021-03-11,4.240000,4.240000,4.100000,4.110000,4.110000,21400
2021-03-12,4.080000,4.110000,4.030000,4.110000,4.110000,25300
2021-03-15,4.260000,4.260000,4.110000,4.150000,4.150000,24100
2021-03-16,4.210000,4.210000,4.070000,4.100000,4.100000,108900
2021-03-17,4.100000,4.200000,3.980000,4.170000,4.170000,46000
2021-03-18,4.220000,4.220000,4.100000,4.100000,4.100000,37500
2021-03-19,4.320000,4.320000,4.150000,4.200000,4.200000,86700
2021-03-22,4.240000,4.250000,4.110000,4.190000,4.190000,38400
2021-03-23,4.070000,4.190000,4.070000,4.120000,4.120000,23200
2021-03-24,4.040000,4.040000,3.930000,3.990000,3.990000,116100
2021-03-25,3.890000,4.040000,3.880000,3.980000,3.980000,64500
2021-03-26,4.000000,4.090000,4.000000,4.090000,4.090000,34900
2021-03-29,4.110000,4.120000,3.970000,4.000000,4.000000,14700
2021-03-30,4.080000,4.140000,4.060000,4.100000,4.100000,32400
2021-03-31,4.150000,4.150000,4.040000,4.090000,4.090000,52300
2021-04-01,4.050000,4.050000,3.910000,3.980000,3.980000,30100
2021-04-05,4.100000,4.150000,4.090000,4.130000,4.130000,84500
2021-04-06,4.100000,4.100000,3.970000,4.020000,4.020000,99200
2021-04-07,4.030000,4.040000,3.960000,4.040000,4.040000,37700
2021-04-08,4.130000,4.130000,4.010000,4.030000,4.030000,26200
2021-04-09,3.910000,4.060000,3.910000,4.050000,4.050000,13200
2021-04-12,3.920000,4.060000,3.920000,4.020000,4.020000,20700
2021-04-13,4.140000,4.140000,3.970000,4.070000,4.070000,40500
2021-04-14,3.980000,4.070000,3.970000,4.070000,4.070000,39100
2021-04-15,4.060000,4.080000,4.050000,4.070000,4.070000,18700
2021-04-16,4.030000,4.120000,4.030000,4.110000,4.110000,157900
2021-04-19,4.200000,4.200000,4.000000,4.060000,4.060000,51500
2021-04-20,3.990000,3.990000,3.860000,3.860000,3.860000,60400
2021-04-21,3.870000,3.880000,3.760000,3.860000,3.860000,136200
2021-04-22,3.860000,3.900000,3.780000,3.810000,3.810000,53300
2021-04-23,3.790000,3.890000,3.790000,3.870000,3.870000,30400
2021-04-26,4.010000,4.030000,3.900000,3.940000,3.940000,51300
2021-04-27,3.860000,3.950000,3.860000,3.950000,3.950000,36800
2021-04-28,3.990000,3.990000,3.890000,3.920000,3.920000,42700
2021-04-29,4.000000,4.030000,3.880000,3.930000,3.930000,46400
2021-04-30,3.940000,3.970000,3.800000,3.850000,3.850000,43100
2021-05-03,3.930000,3.950000,3.850000,3.870000,3.870000,47400
2021-05-04,3.890000,3.890000,3.790000,3.800000,3.800000,32500
2021-05-05,3.750000,3.880000,3.740000,3.880000,3.880000,108800
2021-05-06,3.910000,3.920000,3.780000,3.900000,3.900000,208400
2021-05-07,3.940000,3.990000,3.920000,3.970000,3.970000,67000
2021-05-10,3.970000,4.180000,3.970000,4.080000,4.080000,96100
2021-05-11,3.870000,4.060000,3.870000,4.010000,4.010000,94200
2021-05-12,4.020000,4.020000,3.800000,3.850000,3.850000,34500
2021-05-13,3.950000,3.950000,3.760000,3.860000,3.860000,101800
2021-05-14,4.050000,4.050000,3.870000,3.940000,3.940000,83700
2021-05-17,4.020000,4.020000,3.900000,3.950000,3.950000,45400
2021-05-18,4.120000,4.120000,3.900000,3.930000,3.930000,59200
2021-05-19,3.840000,3.920000,3.790000,3.830000,3.830000,35200
2021-05-20,3.960000,4.020000,3.910000,4.010000,4.010000,59000
2021-05-21,4.000000,4.050000,4.000000,4.040000,4.040000,83700
2021-05-24,3.960000,4.060000,3.960000,4.040000,4.040000,30500
2021-05-25,4.010000,4.040000,3.990000,4.030000,4.030000,40200
2021-05-26,4.060000,4.110000,4.050000,4.070000,4.070000,21500
2021-05-27,4.220000,4.230000,4.100000,4.210000,4.210000,70400
2021-05-28,4.340000,4.390000,4.300000,4.350000,4.350000,36200
2021-06-01,4.360000,4.380000,4.230000,4.260000,4.260000,36000
2021-06-02,4.290000,4.440000,4.290000,4.440000,4.440000,63300
2021-06-03,4.500000,4.500000,4.380000,4.480000,4.480000,75500
2021-06-04,4.530000,4.700000,4.520000,4.700000,4.700000,81100
2021-06-07,4.760000,4.820000,4.590000,4.650000,4.650000,53800
2021-06-08,4.500000,4.790000,4.500000,4.660000,4.660000,43700
2021-06-09,4.650000,4.750000,4.580000,4.580000,4.580000,29300
2021-06-10,4.620000,4.670000,4.600000,4.620000,4.620000,37500
2021-06-11,4.610000,4.610000,4.490000,4.510000,4.510000,32200
2021-06-14,4.690000,4.690000,4.530000,4.590000,4.590000,21200
2021-06-15,4.520000,4.580000,4.470000,4.490000,4.490000,29100
2021-06-16,4.490000,4.630000,4.480000,4.480000,4.480000,29200
2021-06-17,4.540000,4.570000,4.520000,4.520000,4.520000,20800
2021-06-18,4.510000,4.510000,4.310000,4.330000,4.330000,64600
2021-06-21,4.410000,4.410000,4.290000,4.360000,4.360000,62000
2021-06-22,4.390000,4.390000,4.320000,4.390000,4.390000,32000
2021-06-23,4.350000,4.420000,4.340000,4.350000,4.350000,45200
2021-06-24,4.460000,4.510000,4.460000,4.510000,4.510000,83900
2021-06-25,4.810000,4.810000,4.720000,4.750000,4.750000,70300
2021-06-28,4.750000,4.900000,4.750000,4.790000,4.790000,31000
2021-06-29,4.850000,4.850000,4.730000,4.750000,4.750000,275600
2021-06-30,4.760000,4.760000,4.640000,4.660000,4.660000,31700
2021-07-01,4.750000,4.750000,4.570000,4.650000,4.650000,30100
2021-07-02,4.780000,4.980000,4.780000,4.910000,4.910000,91900
2021-07-06,4.970000,4.970000,4.820000,4.870000,4.870000,45900
2021-07-07,4.900000,4.900000,4.720000,4.790000,4.790000,27300
2021-07-08,4.600000,4.770000,4.600000,4.730000,4.730000,31400
2021-07-09,4.580000,4.820000,4.580000,4.760000,4.760000,29600
2021-07-12,4.900000,4.900000,4.770000,4.810000,4.810000,27000
2021-07-13,4.800000,4.830000,4.770000,4.770000,4.770000,30500
2021-07-14,4.780000,4.820000,4.660000,4.680000,4.680000,22000
2021-07-15,4.550000,4.630000,4.520000,4.560000,4.560000,40800
2021-07-16,4.720000,4.750000,4.570000,4.600000,4.600000,21300
2021-07-19,4.550000,4.550000,4.400000,4.410000,4.410000,54700
2021-07-20,4.450000,4.550000,4.450000,4.530000,4.530000,60700
2021-07-21,4.470000,4.610000,4.460000,4.590000,4.590000,34400
2021-07-22,4.500000,4.630000,4.500000,4.590000,4.590000,20700
2021-07-23,4.700000,4.700000,4.590000,4.660000,4.660000,20900
2021-07-26,4.600000,4.600000,4.470000,4.560000,4.560000,29200
2021-07-27,4.460000,4.460000,4.410000,4.460000,4.460000,53500
2021-07-28,4.470000,4.680000,4.470000,4.660000,4.660000,24900
2021-07-29,4.840000,4.840000,4.710000,4.780000,4.780000,31700
2021-07-30,4.780000,4.920000,4.780000,4.880000,4.880000,18800
2021-08-02,4.600000,4.620000,4.510000,4.510000,4.510000,50800
2021-08-03,4.730000,4.730000,4.640000,4.680000,4.680000,22900
2021-08-04,4.760000,4.850000,4.670000,4.680000,4.680000,35100
2021-08-05,4.680000,4.680000,4.510000,4.550000,4.550000,36600
2021-08-06,4.610000,4.610000,4.500000,4.510000,4.510000,18800
2021-08-09,4.510000,4.600000,4.470000,4.500000,4.500000,28000
2021-08-10,4.560000,4.590000,4.460000,4.490000,4.490000,31800
2021-08-11,4.490000,4.560000,4.490000,4.550000,4.550000,18500
2021-08-12,4.710000,4.710000,4.550000,4.570000,4.570000,12000
2021-08-13,4.590000,4.590000,4.550000,4.570000,4.570000,32700
2021-08-16,4.590000,4.590000,4.440000,4.490000,4.490000,95100
2021-08-17,4.560000,4.560000,4.400000,4.440000,4.440000,40000
2021-08-18,4.400000,4.520000,4.400000,4.460000,4.460000,167400
2021-08-19,4.420000,4.420000,4.330000,4.380000,4.380000,42400
2021-08-20,4.190000,4.190000,4.080000,4.130000,4.130000,52000
2021-08-23,4.220000,4.230000,4.100000,4.130000,4.130000,38000
2021-08-24,4.220000,4.220000,4.160000,4.190000,4.190000,66500
2021-08-25,4.210000,4.230000,4.200000,4.220000,4.220000,50400
2021-08-26,4.300000,4.300000,4.070000,4.170000,4.170000,37000
2021-08-27,4.230000,4.270000,4.210000,4.270000,4.270000,38600
2021-08-30,4.260000,4.370000,4.130000,4.300000,4.300000,24000
2021-08-31,4.190000,4.300000,4.160000,4.300000,4.300000,31900
2021-09-01,4.200000,4.320000,4.200000,4.300000,4.300000,21800
2021-09-02,4.360000,4.360000,4.180000,4.260000,4.260000,70100
2021-09-03,4.340000,4.400000,4.320000,4.370000,4.370000,18000
2021-09-07,4.360000,4.410000,4.320000,4.350000,4.350000,21000
2021-09-08,4.450000,4.470000,4.350000,4.420000,4.420000,33700
2021-09-09,4.280000,4.450000,4.280000,4.410000,4.410000,19300
2021-09-10,4.470000,4.470000,4.330000,4.330000,4.330000,11700
2021-09-13,4.490000,4.490000,4.300000,4.330000,4.330000,33900
2021-09-14,4.390000,4.460000,4.330000,4.340000,4.340000,75100
2021-09-15,4.450000,4.450000,4.300000,4.330000,4.330000,32600
2021-09-16,4.460000,4.460000,4.330000,4.350000,4.350000,27400
2021-09-17,4.280000,4.330000,4.260000,4.300000,4.300000,21200
2021-09-20,4.180000,4.360000,4.130000,4.190000,4.190000,65300
2021-09-21,4.250000,4.270000,4.230000,4.240000,4.240000,34300
2021-09-22,4.160000,4.340000,4.160000,4.220000,4.220000,29300
2021-09-23,4.250000,4.290000,4.240000,4.290000,4.290000,19900
2021-09-24,4.310000,4.310000,4.270000,4.300000,4.300000,19500
2021-09-27,4.450000,4.450000,4.260000,4.330000,4.330000,14000
2021-09-28,4.420000,4.420000,4.360000,4.390000,4.390000,22900
2021-09-29,4.400000,4.490000,4.400000,4.490000,4.490000,24100
2021-09-30,4.400000,4.420000,4.280000,4.320000,4.320000,21400
2021-10-01,4.170000,4.330000,4.160000,4.330000,4.330000,27700
2021-10-04,4.370000,4.390000,4.120000,4.170000,4.170000,89300
2021-10-05,4.150000,4.290000,4.150000,4.260000,4.260000,31000
2021-10-06,4.100000,4.100000,3.930000,3.990000,3.990000,45700
2021-10-07,4.210000,4.210000,4.010000,4.100000,4.100000,40100
2021-10-08,4.140000,4.140000,4.100000,4.120000,4.120000,9700
2021-10-11,4.090000,4.250000,4.090000,4.200000,4.200000,20200
2021-10-12,4.320000,4.410000,4.320000,4.350000,4.350000,35700
2021-10-13,4.490000,4.490000,4.470000,4.480000,4.480000,85700
2021-10-14,4.480000,4.480000,4.460000,4.480000,4.480000,50500
2021-10-15,4.500000,4.550000,4.500000,4.530000,4.530000,35100
2021-10-18,4.660000,4.670000,4.540000,4.570000,4.570000,24000
2021-10-19,4.600000,4.600000,4.540000,4.550000,4.550000,14200
2021-10-20,4.600000,4.600000,4.570000,4.590000,4.590000,12000
2021-10-21,4.500000,4.590000,4.500000,4.550000,4.550000,18700
2021-10-22,4.500000,4.620000,4.500000,4.540000,4.540000,23900
2021-10-25,4.530000,4.550000,4.470000,4.520000,4.520000,29200
2021-10-26,4.540000,4.550000,4.500000,4.520000,4.520000,44400
2021-10-27,4.620000,4.620000,4.420000,4.440000,4.440000,19500
2021-10-28,4.590000,4.590000,4.360000,4.470000,4.470000,27700
2021-10-29,4.440000,4.460000,4.420000,4.460000,4.460000,14100
2021-11-01,4.500000,4.520000,4.370000,4.520000,4.520000,19100
2021-11-02,4.600000,4.600000,4.500000,4.500000,4.500000,20100
2021-11-03,4.600000,4.600000,4.470000,4.550000,4.550000,40400
2021-11-04,4.520000,4.630000,4.520000,4.630000,4.630000,31500
2021-11-05,4.590000,4.590000,4.460000,4.470000,4.470000,20700
2021-11-08,4.760000,4.760000,4.470000,4.510000,4.510000,41600
2021-11-09,4.320000,4.540000,4.320000,4.470000,4.470000,62100
2021-11-10,4.580000,4.650000,4.480000,4.570000,4.570000,116200
2021-11-11,4.390000,4.570000,4.390000,4.570000,4.570000,27000
2021-11-12,4.600000,4.600000,4.550000,4.570000,4.570000,226300
2021-11-15,4.790000,4.910000,4.620000,4.760000,4.760000,40000
2021-11-16,4.770000,4.790000,4.650000,4.660000,4.660000,42000
2021-11-17,4.480000,4.730000,4.480000,4.590000,4.590000,41000
2021-11-18,4.710000,4.710000,4.530000,4.560000,4.560000,277300
2021-11-19,4.450000,4.560000,4.450000,4.500000,4.500000,20100
2021-11-22,4.660000,4.660000,4.550000,4.600000,4.600000,24200
2021-11-23,4.830000,4.830000,4.500000,4.550000,4.550000,27200
2021-11-24,4.600000,4.630000,4.600000,4.630000,4.630000,42700
2021-11-26,4.480000,4.480000,4.290000,4.300000,4.300000,32100
2021-11-29,4.280000,4.280000,4.140000,4.180000,4.180000,44800
2021-11-30,4.120000,4.120000,3.950000,3.980000,3.980000,181400
2021-12-01,4.000000,4.030000,3.910000,3.940000,3.940000,117200
2021-12-02,4.040000,4.040000,3.930000,3.970000,3.970000,69300
2021-12-03,4.110000,4.110000,4.010000,4.030000,4.030000,49400
2021-12-06,4.080000,4.080000,3.960000,3.980000,3.980000,39700
2021-12-07,4.230000,4.230000,4.110000,4.160000,4.160000,53200
2021-12-08,4.140000,4.180000,4.110000,4.120000,4.120000,41100
2021-12-09,3.890000,4.020000,3.890000,4.000000,4.000000,26500
2021-12-10,4.000000,4.010000,3.970000,4.010000,4.010000,19000
2021-12-13,3.880000,4.000000,3.880000,3.910000,3.910000,51200
2021-12-14,3.800000,3.880000,3.800000,3.860000,3.860000,302500
2021-12-15,3.790000,4.040000,3.790000,3.950000,3.950000,268300
2021-12-16,3.830000,4.020000,3.830000,3.910000,3.910000,19300
2021-12-17,3.920000,4.130000,3.920000,4.000000,4.000000,29000
2021-12-20,3.880000,3.950000,3.820000,3.850000,3.850000,67800
2021-12-21,3.920000,3.920000,3.810000,3.820000,3.820000,125800
2021-12-22,3.900000,3.900000,3.780000,3.800000,3.800000,81300
2021-12-23,3.870000,3.880000,3.850000,3.870000,3.870000,61100
2021-12-27,3.890000,3.890000,3.830000,3.870000,3.870000,84400
2021-12-28,3.850000,3.890000,3.830000,3.860000,3.860000,35700
2021-12-29,3.930000,3.930000,3.810000,3.830000,3.830000,92800
2021-12-30,3.820000,3.830000,3.790000,3.810000,3.810000,49900
2021-12-31,3.810000,3.810000,3.790000,3.790000,3.790000,49000
2022-01-03,3.920000,3.920000,3.770000,3.790000,3.790000,53800
2022-01-04,4.110000,4.110000,3.910000,4.040000,4.040000,222200
2022-01-05,4.020000,4.170000,4.020000,4.130000,4.130000,71800
2022-01-06,4.160000,4.160000,4.090000,4.090000,4.090000,124000
2022-01-07,4.310000,4.310000,4.040000,4.170000,4.170000,43400
2022-01-10,4.050000,4.250000,4.050000,4.150000,4.150000,68900
2022-01-11,4.300000,4.310000,4.250000,4.310000,4.310000,41700
2022-01-12,4.310000,4.330000,4.290000,4.310000,4.310000,45700
2022-01-13,4.390000,4.490000,4.260000,4.340000,4.340000,102200
2022-01-14,4.280000,4.290000,4.240000,4.280000,4.280000,75500
2022-01-18,4.240000,4.240000,4.080000,4.100000,4.100000,93700
2022-01-19,4.100000,4.100000,4.060000,4.070000,4.070000,120400
2022-01-20,4.090000,4.140000,4.030000,4.030000,4.030000,38400
2022-01-21,3.830000,4.010000,3.830000,3.930000,3.930000,53200
2022-01-24,3.930000,3.930000,3.760000,3.850000,3.850000,112000
2022-01-25,3.740000,3.980000,3.740000,3.860000,3.860000,59600
2022-01-26,3.890000,3.910000,3.800000,3.850000,3.850000,101000
2022-01-27,3.750000,3.840000,3.750000,3.790000,3.790000,43700
2022-01-28,3.840000,3.840000,3.710000,3.760000,3.760000,81900
2022-01-31,3.790000,3.880000,3.700000,3.830000,3.830000,82800
2022-02-01,3.900000,3.900000,3.740000,3.750000,3.750000,80400
2022-02-02,4.120000,4.120000,3.820000,3.830000,3.830000,73200
2022-02-03,3.750000,3.850000,3.750000,3.790000,3.790000,47900
2022-02-04,3.850000,4.000000,3.770000,3.790000,3.790000,60600
2022-02-07,3.850000,3.850000,3.780000,3.780000,3.780000,40600
2022-02-08,3.950000,3.950000,3.810000,3.860000,3.860000,93800
2022-02-09,3.980000,3.980000,3.870000,3.890000,3.890000,32600
2022-02-10,4.090000,4.090000,3.920000,3.920000,3.920000,52600
2022-02-11,4.000000,4.000000,3.920000,3.930000,3.930000,37900
2022-02-14,3.930000,3.930000,3.800000,3.830000,3.830000,71800
2022-02-15,4.020000,4.020000,3.870000,3.950000,3.950000,60500
2022-02-16,3.990000,3.990000,3.800000,3.930000,3.930000,59400
2022-02-17,3.950000,4.020000,3.910000,3.920000,3.920000,29100
2022-02-18,3.980000,3.980000,3.950000,3.960000,3.960000,57100
2022-02-22,3.770000,3.920000,3.770000,3.850000,3.850000,29200
2022-02-23,3.880000,3.880000,3.790000,3.790000,3.790000,55400
2022-02-24,3.700000,3.720000,3.560000,3.690000,3.690000,101600
2022-02-25,3.700000,3.800000,3.620000,3.760000,3.760000,64300
2022-02-28,3.570000,3.740000,3.570000,3.690000,3.690000,112900
2022-03-01,3.750000,3.750000,3.570000,3.580000,3.580000,137800
2022-03-02,3.570000,3.590000,3.530000,3.560000,3.560000,135500
2022-03-03,3.730000,3.730000,3.580000,3.580000,3.580000,131900
2022-03-04,3.500000,3.550000,3.440000,3.440000,3.440000,80800
2022-03-07,3.320000,3.320000,3.160000,3.170000,3.170000,164000
2022-03-08,3.140000,3.140000,3.030000,3.050000,3.050000,222700
2022-03-09,3.050000,3.240000,3.050000,3.180000,3.180000,169400
2022-03-10,3.330000,3.330000,3.180000,3.190000,3.190000,171300
2022-03-11,3.230000,3.250000,3.170000,3.210000,3.210000,67300
2022-03-14,3.210000,3.370000,3.210000,3.320000,3.320000,297500
2022-03-15,3.480000,3.480000,3.380000,3.440000,3.440000,622600
2022-03-16,3.400000,3.610000,3.400000,3.560000,3.560000,63500
2022-03-17,3.680000,3.680000,3.600000,3.620000,3.620000,107600
2022-03-18,3.380000,3.630000,3.380000,3.570000,3.570000,109800
2022-03-21,3.460000,3.690000,3.460000,3.580000,3.580000,81600
2022-03-22,3.580000,3.600000,3.570000,3.600000,3.600000,233100
2022-03-23,3.600000,3.600000,3.530000,3.540000,3.540000,109900
2022-03-24,3.730000,3.730000,3.580000,3.640000,3.640000,32500
2022-03-25,3.760000,3.760000,3.600000,3.670000,3.670000,36100
2022-03-28,3.650000,3.680000,3.650000,3.680000,3.680000,97000
2022-03-29,3.550000,3.730000,3.550000,3.660000,3.660000,220300
2022-03-30,3.780000,3.780000,3.620000,3.650000,3.650000,67800
2022-03-31,3.670000,3.710000,3.640000,3.650000,3.650000,100300
2022-04-01,3.750000,3.750000,3.620000,3.680000,3.680000,50500
2022-04-04,3.490000,3.710000,3.490000,3.630000,3.630000,58200
2022-04-05,3.520000,3.630000,3.510000,3.610000,3.610000,96000
2022-04-06,3.550000,3.600000,3.510000,3.520000,3.520000,108300
2022-04-07,3.500000,3.560000,3.500000,3.500000,3.500000,152200
2022-04-08,3.500000,3.500000,3.390000,3.390000,3.390000,85700
2022-04-11,3.540000,3.540000,3.350000,3.480000,3.480000,140000
2022-04-12,3.550000,3.550000,3.420000,3.440000,3.440000,72000
2022-04-13,3.420000,3.480000,3.410000,3.470000,3.470000,28900
2022-04-14,3.640000,3.640000,3.410000,3.430000,3.430000,47900
2022-04-18,3.520000,3.520000,3.400000,3.430000,3.430000,25100
2022-04-19,3.510000,3.580000,3.510000,3.570000,3.570000,176200
2022-04-20,3.740000,3.740000,3.660000,3.670000,3.670000,68700
2022-04-21,3.600000,3.650000,3.560000,3.570000,3.570000,31200
2022-04-22,3.560000,3.560000,3.500000,3.510000,3.510000,23100
2022-04-25,3.500000,3.510000,3.430000,3.470000,3.470000,55500
2022-04-26,3.570000,3.570000,3.390000,3.400000,3.400000,91800
2022-04-27,3.500000,3.500000,3.420000,3.430000,3.430000,42000
2022-04-28,3.500000,3.590000,3.500000,3.550000,3.550000,72400
2022-04-29,3.600000,3.600000,3.510000,3.510000,3.510000,35700
2022-05-02,3.550000,3.560000,3.500000,3.550000,3.550000,63600
2022-05-03,3.560000,3.590000,3.550000,3.590000,3.590000,102200
2022-05-04,3.500000,3.660000,3.500000,3.660000,3.660000,74300
2022-05-05,3.590000,3.590000,3.520000,3.550000,3.550000,113900
2022-05-06,3.610000,3.630000,3.580000,3.620000,3.620000,25300
2022-05-09,3.620000,3.630000,3.580000,3.620000,3.620000,26500
2022-05-10,3.520000,3.750000,3.520000,3.600000,3.600000,74200
2022-05-11,3.610000,3.680000,3.580000,3.630000,3.630000,70400
2022-05-12,3.900000,3.900000,3.670000,3.770000,3.770000,126100
2022-05-13,3.980000,3.980000,3.730000,3.850000,3.850000,60900
2022-05-16,4.030000,4.070000,4.030000,4.050000,4.050000,80800
2022-05-17,4.130000,4.180000,4.130000,4.180000,4.180000,74200
2022-05-18,4.210000,4.310000,4.160000,4.190000,4.190000,47400
2022-05-19,4.280000,4.360000,4.280000,4.340000,4.340000,49100
2022-05-20,4.270000,4.300000,4.230000,4.280000,4.280000,104900
2022-05-23,4.250000,4.310000,4.250000,4.300000,4.300000,38300
2022-05-24,4.210000,4.370000,4.210000,4.330000,4.330000,64400
2022-05-25,4.330000,4.330000,4.270000,4.310000,4.310000,28300
2022-05-26,4.290000,4.350000,4.290000,4.320000,4.320000,24500
2022-05-27,4.360000,4.360000,4.320000,4.350000,4.350000,10000
2022-05-31,4.200000,4.230000,4.160000,4.180000,4.180000,40400
2022-06-01,4.190000,4.220000,4.160000,4.180000,4.180000,66400
2022-06-02,4.260000,4.260000,4.200000,4.250000,4.250000,27400
2022-06-03,4.100000,4.160000,4.100000,4.140000,4.140000,48600
2022-06-06,4.260000,4.270000,4.220000,4.260000,4.260000,43100
2022-06-07,4.310000,4.410000,4.310000,4.400000,4.400000,101700
2022-06-08,4.340000,4.340000,4.260000,4.320000,4.320000,14400
2022-06-09,4.380000,4.380000,4.330000,4.330000,4.330000,33100
2022-06-10,4.260000,4.300000,4.240000,4.260000,4.260000,26700
2022-06-13,4.060000,4.200000,4.060000,4.130000,4.130000,115300
2022-06-14,4.020000,4.150000,4.020000,4.130000,4.130000,78000
2022-06-15,4.100000,4.130000,4.060000,4.100000,4.100000,89400
2022-06-16,4.040000,4.190000,3.980000,4.060000,4.060000,98900
2022-06-17,4.050000,4.060000,4.020000,4.030000,4.030000,58500
2022-06-21,4.070000,4.080000,4.040000,4.060000,4.060000,70700
2022-06-22,4.060000,4.230000,4.060000,4.190000,4.190000,56000
2022-06-23,4.180000,4.190000,4.140000,4.170000,4.170000,62100
2022-06-24,4.060000,4.120000,4.060000,4.110000,4.110000,24400
2022-06-27,3.980000,4.090000,3.980000,4.070000,4.070000,31300
2022-06-28,4.300000,4.300000,4.130000,4.130000,4.130000,85700
2022-06-29,4.110000,4.110000,4.020000,4.050000,4.050000,21400
2022-06-30,4.000000,4.110000,3.980000,4.020000,4.020000,30500
2022-07-01,3.950000,3.950000,3.850000,3.900000,3.900000,56700
2022-07-05,3.880000,3.880000,3.740000,3.770000,3.770000,85600
2022-07-06,3.770000,3.770000,3.650000,3.680000,3.680000,81700
2022-07-07,3.680000,3.720000,3.680000,3.690000,3.690000,105300
2022-07-08,3.730000,3.760000,3.720000,3.750000,3.750000,42100
2022-07-11,3.660000,3.750000,3.660000,3.720000,3.720000,98800
2022-07-12,3.600000,3.770000,3.600000,3.700000,3.700000,53200
2022-07-13,3.820000,3.820000,3.660000,3.730000,3.730000,58200
2022-07-14,3.630000,3.800000,3.630000,3.780000,3.780000,26900
2022-07-15,3.720000,3.780000,3.720000,3.750000,3.750000,20000
2022-07-18,3.870000,3.870000,3.750000,3.750000,3.750000,97500
2022-07-19,3.930000,3.970000,3.930000,3.950000,3.950000,108900
2022-07-20,3.980000,3.990000,3.940000,3.990000,3.990000,47600
2022-07-21,3.980000,4.020000,3.970000,4.020000,4.020000,29300
2022-07-22,4.010000,4.030000,3.990000,4.010000,4.010000,43900
2022-07-25,4.010000,4.070000,4.010000,4.050000,4.050000,32600
2022-07-26,4.040000,4.090000,4.040000,4.050000,4.050000,28600
2022-07-27,4.080000,4.160000,4.080000,4.150000,4.150000,69600
2022-07-28,4.160000,4.240000,4.160000,4.230000,4.230000,20500
2022-07-29,4.240000,4.240000,4.120000,4.150000,4.150000,109600
2022-08-01,4.350000,4.430000,4.250000,4.310000,4.310000,56600
2022-08-02,4.310000,4.420000,4.310000,4.320000,4.320000,96400
2022-08-03,4.190000,4.250000,4.190000,4.250000,4.250000,59600
2022-08-04,4.380000,4.380000,4.240000,4.250000,4.250000,38700
2022-08-05,4.250000,4.250000,4.160000,4.180000,4.180000,39000
2022-08-08,4.280000,4.280000,4.250000,4.260000,4.260000,22200
2022-08-09,4.250000,4.250000,4.200000,4.230000,4.230000,192500
2022-08-10,4.610000,4.710000,4.610000,4.690000,4.690000,267500
2022-08-11,4.640000,4.730000,4.640000,4.690000,4.690000,66800
2022-08-12,4.590000,4.710000,4.590000,4.710000,4.710000,35000
2022-08-15,4.770000,4.770000,4.600000,4.660000,4.660000,40200
2022-08-16,4.400000,4.600000,4.400000,4.550000,4.550000,31300
2022-08-17,4.600000,4.610000,4.510000,4.590000,4.590000,50700
2022-08-18,4.510000,4.580000,4.510000,4.550000,4.550000,33800
2022-08-19,4.530000,4.530000,4.490000,4.510000,4.510000,25700
2022-08-22,4.480000,4.480000,4.450000,4.470000,4.470000,41500
2022-08-23,4.450000,4.470000,4.410000,4.410000,4.410000,30400
2022-08-24,4.420000,4.460000,4.400000,4.440000,4.440000,32700
2022-08-25,4.430000,4.460000,4.430000,4.460000,4.460000,33900
2022-08-26,4.250000,4.400000,4.140000,4.330000,4.330000,25200
2022-08-29,4.330000,4.420000,4.300000,4.400000,4.400000,17800
2022-08-30,4.450000,4.450000,4.310000,4.330000,4.330000,50000
2022-08-31,4.380000,4.380000,4.340000,4.370000,4.370000,45100
2022-09-01,4.310000,4.310000,4.260000,4.300000,4.300000,38400
2022-09-02,4.250000,4.270000,4.200000,4.220000,4.220000,34900
2022-09-06,4.200000,4.200000,4.090000,4.090000,4.090000,53600
2022-09-07,4.060000,4.210000,4.060000,4.210000,4.210000,54300
2022-09-08,4.180000,4.210000,4.150000,4.210000,4.210000,34000
2022-09-09,4.350000,4.350000,4.200000,4.230000,4.230000,27400
2022-09-12,4.420000,4.420000,4.150000,4.270000,4.270000,173600
2022-09-13,4.050000,4.060000,3.980000,3.980000,3.980000,127900
2022-09-14,3.990000,4.150000,3.990000,4.110000,4.110000,52200
2022-09-15,4.090000,4.140000,4.040000,4.040000,4.040000,10400
2022-09-16,4.090000,4.120000,4.060000,4.120000,4.120000,28700
2022-09-19,4.050000,4.130000,4.050000,4.130000,4.130000,91500
2022-09-20,4.130000,4.130000,4.080000,4.110000,4.110000,32300
2022-09-21,4.050000,4.070000,3.980000,3.980000,3.980000,29500
2022-09-22,4.050000,4.150000,4.010000,4.060000,4.060000,64500
2022-09-23,4.010000,4.010000,3.960000,4.010000,4.010000,44600
2022-09-26,3.960000,3.960000,3.810000,3.830000,3.830000,43700
2022-09-27,3.820000,3.820000,3.760000,3.790000,3.790000,185400
2022-09-28,3.810000,3.810000,3.680000,3.730000,3.730000,49800
2022-09-29,3.560000,3.640000,3.500000,3.500000,3.500000,100500
2022-09-30,3.380000,3.380000,3.260000,3.260000,3.260000,85200
2022-10-03,3.260000,3.400000,3.260000,3.380000,3.380000,107500
2022-10-04,3.370000,3.400000,3.360000,3.370000,3.370000,324800
2022-10-05,3.410000,3.410000,3.270000,3.310000,3.310000,83500
2022-10-06,3.310000,3.320000,3.260000,3.280000,3.280000,88200
2022-10-07,3.250000,3.260000,3.190000,3.190000,3.190000,82900
2022-10-10,3.140000,3.210000,3.140000,3.160000,3.160000,103100
2022-10-11,3.170000,3.210000,3.140000,3.140000,3.140000,345600
2022-10-12,3.150000,3.150000,3.080000,3.080000,3.080000,92400
2022-10-13,3.070000,3.200000,3.070000,3.190000,3.190000,457500
2022-10-14,3.190000,3.210000,3.130000,3.130000,3.130000,189000
2022-10-17,3.280000,3.280000,3.220000,3.220000,3.220000,132400
2022-10-18,3.150000,3.230000,3.150000,3.170000,3.170000,365700
2022-10-19,3.280000,3.280000,3.130000,3.170000,3.170000,103500
2022-10-20,3.170000,3.200000,3.130000,3.150000,3.150000,138100
2022-10-21,3.090000,3.190000,3.090000,3.190000,3.190000,163600
2022-10-24,3.170000,3.170000,3.130000,3.170000,3.170000,131400
2022-10-25,3.250000,3.290000,3.250000,3.280000,3.280000,491100
2022-10-26,3.340000,3.360000,3.330000,3.350000,3.350000,68300
2022-10-27,3.410000,3.410000,3.280000,3.290000,3.290000,170600
2022-10-28,3.280000,3.310000,3.270000,3.280000,3.280000,41900
2022-10-31,3.320000,3.330000,3.290000,3.300000,3.300000,86100
2022-11-01,3.460000,3.460000,3.300000,3.310000,3.310000,425400
2022-11-02,3.470000,3.470000,3.380000,3.390000,3.390000,79200
2022-11-03,3.480000,3.480000,3.350000,3.370000,3.370000,40200
2022-11-04,3.410000,3.570000,3.410000,3.540000,3.540000,128900
2022-11-07,3.530000,3.540000,3.500000,3.520000,3.520000,28100
2022-11-08,3.560000,3.570000,3.540000,3.550000,3.550000,67500
2022-11-09,3.450000,3.490000,3.440000,3.490000,3.490000,15500
2022-11-10,3.730000,3.810000,3.700000,3.810000,3.810000,163500
2022-11-11,3.960000,3.960000,3.810000,3.870000,3.870000,117300
2022-11-14,3.920000,3.920000,3.780000,3.830000,3.830000,95800
2022-11-15,3.840000,3.950000,3.770000,3.870000,3.870000,46900
2022-11-16,3.990000,3.990000,3.850000,3.870000,3.870000,59000
2022-11-17,3.840000,3.840000,3.610000,3.770000,3.770000,44600
2022-11-18,3.800000,3.880000,3.800000,3.850000,3.850000,35000
2022-11-21,3.970000,3.970000,3.840000,3.870000,3.870000,64400
2022-11-22,3.910000,4.000000,3.870000,3.950000,3.950000,53300
2022-11-23,3.950000,4.010000,3.950000,3.950000,3.950000,37300
2022-11-25,3.950000,3.950000,3.880000,3.900000,3.900000,45800
2022-11-28,4.000000,4.000000,3.870000,3.880000,3.880000,26600
2022-11-29,3.710000,3.930000,3.710000,3.840000,3.840000,26000
2022-11-30,4.000000,4.000000,3.850000,3.940000,3.940000,83300
2022-12-01,4.000000,4.000000,3.760000,3.890000,3.890000,72300
2022-12-02,3.860000,3.860000,3.620000,3.800000,3.800000,23700
2022-12-05,3.590000,3.820000,3.590000,3.690000,3.690000,77400
2022-12-06,3.690000,3.870000,3.690000,3.760000,3.760000,40500
2022-12-07,3.930000,3.930000,3.800000,3.820000,3.820000,30400
2022-12-08,3.820000,3.880000,3.820000,3.870000,3.870000,89400
2022-12-09,3.860000,3.860000,3.830000,3.850000,3.850000,52600
2022-12-12,3.920000,3.920000,3.830000,3.860000,3.860000,92200
2022-12-13,3.980000,3.980000,3.890000,3.900000,3.900000,72300
2022-12-14,3.900000,3.910000,3.860000,3.900000,3.900000,28800
2022-12-15,4.000000,4.000000,3.840000,3.880000,3.880000,41700
2022-12-16,3.930000,3.930000,3.860000,3.900000,3.900000,71400
2022-12-19,3.700000,3.820000,3.700000,3.800000,3.800000,95300
2022-12-20,3.710000,3.800000,3.700000,3.720000,3.720000,53400
2022-12-21,3.720000,3.760000,3.640000,3.660000,3.660000,1235000
2022-12-22,3.670000,3.690000,3.610000,3.650000,3.650000,1279200
2022-12-23,3.650000,3.750000,3.620000,3.670000,3.670000,1190900
2022-12-27,3.650000,3.710000,3.650000,3.700000,3.700000,237900
2022-12-28,3.750000,3.760000,3.680000,3.690000,3.690000,1224000
2022-12-29,3.750000,3.760000,3.670000,3.740000,3.740000,1303300
2022-12-30,3.640000,3.780000,3.640000,3.760000,3.760000,1762400
2023-01-03,3.850000,3.850000,3.750000,3.760000,3.760000,132900
2023-01-04,3.790000,3.790000,3.650000,3.670000,3.670000,326400
2023-01-05,3.650000,3.650000,3.580000,3.610000,3.610000,231200
2023-01-06,3.830000,3.830000,3.700000,3.760000,3.760000,109500
2023-01-09,3.850000,3.850000,3.660000,3.790000,3.790000,157500
2023-01-10,3.760000,3.870000,3.750000,3.770000,3.770000,60000
2023-01-11,3.660000,3.890000,3.660000,3.790000,3.790000,118400
2023-01-12,3.800000,3.800000,3.720000,3.760000,3.760000,110300
2023-01-13,3.600000,3.650000,3.590000,3.640000,3.640000,106700
2023-01-17,3.800000,3.800000,3.750000,3.770000,3.770000,85300
2023-01-18,3.880000,3.880000,3.770000,3.770000,3.770000,97800
2023-01-19,3.680000,3.680000,3.630000,3.660000,3.660000,96700
2023-01-20,3.640000,3.730000,3.640000,3.710000,3.710000,36500
2023-01-23,3.700000,3.720000,3.660000,3.710000,3.710000,118300
2023-01-24,3.740000,3.740000,3.670000,3.720000,3.720000,66700
2023-01-25,3.850000,3.850000,3.780000,3.830000,3.830000,75900
2023-01-26,3.850000,3.880000,3.780000,3.830000,3.830000,81800
2023-01-27,3.860000,3.910000,3.860000,3.910000,3.910000,41700
2023-01-30,3.910000,3.930000,3.880000,3.910000,3.910000,33200
2023-01-31,3.990000,3.990000,3.950000,3.950000,3.950000,65000
2023-02-01,4.020000,4.100000,4.020000,4.100000,4.100000,82200
2023-02-02,3.980000,4.010000,3.940000,3.980000,3.980000,65000
2023-02-03,3.950000,3.950000,3.890000,3.920000,3.920000,53300
2023-02-06,4.010000,4.010000,3.950000,3.980000,3.980000,54900
2023-02-07,3.930000,4.030000,3.930000,4.010000,4.010000,103900
2023-02-08,4.000000,4.000000,3.940000,3.970000,3.970000,44400
2023-02-09,4.000000,4.010000,3.940000,3.960000,3.960000,105400
2023-02-10,3.850000,3.920000,3.850000,3.910000,3.910000,51700
2023-02-13,4.030000,4.080000,3.990000,4.080000,4.080000,75000
2023-02-14,4.080000,4.080000,4.020000,4.060000,4.060000,54500
2023-02-15,4.120000,4.120000,4.080000,4.110000,4.110000,91800
2023-02-16,4.210000,4.240000,4.170000,4.230000,4.230000,51700
2023-02-17,4.260000,4.330000,4.260000,4.300000,4.300000,43600
