Date,Open,High,Low,Close,Adj Close,Volume,Days
2018-02-21,6.95,6.96,6.85,6.89,6.89,28900,0
2018-02-22,6.84,6.87,6.82,6.83,6.83,22700,1
2018-02-23,7.01,7.01,6.89,6.94,6.94,14800,2
2018-02-26,7.02,7.06,7.01,7.03,7.03,13600,3
2018-02-27,7.06,7.06,6.96,6.96,6.96,4500,4
2018-02-28,6.94,6.96,6.91,6.92,6.92,11000,5
2018-03-01,6.82,6.86,6.71,6.74,6.74,61900,6
2018-03-02,6.7,6.74,6.61,6.72,6.72,32600,7
2018-03-05,6.64,6.78,6.61,6.76,6.76,18800,8
2018-03-06,6.71,6.72,6.66,6.69,6.69,68800,9
2018-03-07,6.6,6.61,6.55,6.59,6.59,36200,10
2018-03-08,6.59,6.59,6.52,6.56,6.56,21500,11
2018-03-09,6.47,6.51,6.46,6.51,6.51,26600,12
2018-03-12,6.44,6.52,6.44,6.5,6.5,38200,13
2018-03-13,6.5,6.52,6.44,6.45,6.45,54800,14
2018-03-14,6.53,6.54,6.51,6.52,6.52,17000,15
2018-03-15,6.55,6.62,6.55,6.61,6.61,33600,16
2018-03-16,6.62,6.63,6.59,6.61,6.61,11400,17
2018-03-19,6.65,6.65,6.49,6.52,6.52,25400,18
2018-03-20,6.62,6.64,6.61,6.63,6.63,23700,19
2018-03-21,6.63,6.68,6.61,6.64,6.64,35900,20
2018-03-22,6.63,6.66,6.59,6.59,6.59,25800,21
2018-03-23,6.51,6.59,6.49,6.51,6.51,43300,22
2018-03-26,6.48,6.59,6.48,6.58,6.58,111000,23
2018-03-27,6.62,6.64,6.49,6.52,6.52,64000,24
2018-03-28,6.55,6.6,6.52,6.58,6.58,95000,25
2018-03-29,6.64,6.72,6.62,6.68,6.68,53000,26
2018-04-02,6.65,6.65,6.48,6.52,6.52,46100,27
2018-04-03,6.55,6.65,6.55,6.63,6.63,51900,28
2018-04-04,6.45,6.6,6.45,6.6,6.6,36800,29
2018-04-05,6.55,6.57,6.53,6.57,6.57,26400,30
2018-04-06,6.61,6.61,6.52,6.55,6.55,45400,31
2018-04-09,6.66,6.67,6.63,6.64,6.64,83200,32
2018-04-10,6.79,6.79,6.7,6.75,6.75,31900,33
2018-04-11,6.79,6.81,6.76,6.77,6.77,21300,34
2018-04-12,6.71,6.75,6.71,6.73,6.73,12700,35
2018-04-13,6.72,6.76,6.72,6.76,6.76,20000,36
2018-04-16,6.54,6.78,6.54,6.78,6.78,32300,37
2018-04-17,6.79,6.81,6.78,6.8,6.8,60400,38
2018-04-18,6.76,6.81,6.76,6.79,6.79,18300,39
2018-04-19,6.83,6.83,6.81,6.81,6.81,55000,40
2018-04-20,6.79,6.79,6.76,6.76,6.76,14400,41
2018-04-23,6.81,6.81,6.77,6.81,6.81,27500,42
2018-04-24,6.82,6.83,6.77,6.79,6.79,47000,43
2018-04-25,6.88,6.88,6.68,6.72,6.72,70300,44
2018-04-26,6.91,6.97,6.91,6.96,6.96,47500,45
2018-04-27,6.8,6.8,6.64,6.65,6.65,26500,46
2018-04-30,6.86,6.86,6.7,6.75,6.75,22100,47
2018-05-01,6.81,6.81,6.74,6.8,6.8,44200,48
2018-05-02,6.62,6.64,6.61,6.62,6.62,7300,49
2018-05-03,6.61,6.63,6.56,6.6,6.6,35000,50
2018-05-04,6.59,6.66,6.59,6.66,6.66,23100,51
2018-05-07,6.65,6.66,6.62,6.65,6.65,21400,52
2018-05-08,6.65,6.66,6.63,6.66,6.66,28400,53
2018-05-09,6.55,6.57,6.53,6.53,6.53,100100,54
2018-05-10,6.55,6.58,6.54,6.55,6.55,30500,55
2018-05-11,6.65,6.65,6.61,6.61,6.61,7600,56
2018-05-14,6.58,6.59,6.55,6.59,6.59,9100,57
2018-05-15,6.45,6.52,6.45,6.51,6.51,15600,58
2018-05-16,6.57,6.6,6.56,6.59,6.59,20500,59
2018-05-17,6.67,6.67,6.57,6.61,6.61,27000,60
2018-05-18,6.55,6.59,6.55,6.59,6.59,11100,61
2018-05-21,6.64,6.65,6.61,6.63,6.63,28100,62
2018-05-22,6.58,6.67,6.58,6.63,6.63,30100,63
2018-05-23,6.61,6.63,6.61,6.63,6.63,24400,64
2018-05-24,6.44,6.44,6.3,6.32,6.32,44100,65
2018-05-25,6.41,6.41,6.32,6.33,6.33,12600,66
2018-05-29,6.32,6.32,6.28,6.3,6.3,45900,67
2018-05-30,6.25,6.31,6.25,6.28,6.28,119400,68
2018-05-31,6.25,6.25,6.2,6.21,6.21,38900,69
2018-06-01,6.29,6.33,6.29,6.31,6.31,47900,70
2018-06-04,6.29,6.38,6.29,6.37,6.37,60300,71
2018-06-05,6.44,6.44,6.35,6.37,6.37,68100,72
2018-06-06,6.35,6.38,6.34,6.37,6.37,46400,73
2018-06-07,6.41,6.46,6.4,6.46,6.46,129600,74
2018-06-08,6.41,6.45,6.41,6.42,6.42,118000,75
2018-06-11,6.39,6.41,6.38,6.4,6.4,102700,76
2018-06-12,6.39,6.4,6.34,6.35,6.35,109100,77
2018-06-13,6.4,6.44,6.37,6.4,6.4,70400,78
2018-06-14,6.35,6.42,6.35,6.39,6.39,51000,79
2018-06-15,6.34,6.38,6.33,6.37,6.37,30300,80
2018-06-18,6.2,6.27,6.15,6.24,6.24,46000,81
2018-06-19,6.25,6.28,6.23,6.26,6.26,112500,82
2018-06-20,6.19,6.22,6.18,6.21,6.21,67100,83
2018-06-21,6.15,6.17,6.13,6.14,6.14,37900,84
2018-06-22,6.18,6.19,6.15,6.17,6.17,45400,85
2018-06-25,6.05,6.12,6.05,6.1,6.1,85600,86
2018-06-26,6.12,6.15,6.11,6.14,6.14,125700,87
2018-06-27,6.08,6.13,6.05,6.05,6.05,59600,88
2018-06-28,5.98,6.1,5.98,6.09,6.09,38600,89
2018-06-29,6.08,6.09,6.06,6.08,6.08,23200,90
2018-07-02,6.05,6.05,6,6.03,6.03,122900,91
2018-07-03,6.03,6.03,5.96,5.98,5.98,18500,92
2018-07-05,6,6.01,5.95,6,6,38400,93
2018-07-06,5.95,5.98,5.93,5.96,5.96,83000,94
2018-07-09,5.97,5.99,5.95,5.99,5.99,99900,95
2018-07-10,5.94,5.97,5.93,5.96,5.96,189000,96
2018-07-11,5.9,5.92,5.86,5.87,5.87,88300,97
2018-07-12,5.87,5.87,5.85,5.86,5.86,77500,98
2018-07-13,5.85,5.87,5.82,5.84,5.84,103500,99
2018-07-16,5.86,5.86,5.84,5.86,5.86,95100,100
2018-07-17,5.92,5.96,5.92,5.96,5.96,146200,101
2018-07-18,5.94,6.04,5.94,6.01,6.01,150700,102
2018-07-19,6,6,5.96,5.99,5.99,67600,103
2018-07-20,6.05,6.07,6.04,6.07,6.07,37300,104
2018-07-23,6.04,6.04,6.02,6.02,6.02,23900,105
2018-07-24,6.1,6.13,6.05,6.13,6.13,168300,106
2018-07-25,6.1,6.12,6.05,6.1,6.1,94600,107
2018-07-26,6.13,6.17,6.12,6.12,6.12,47300,108
2018-07-27,6.15,6.17,6.12,6.13,6.13,46000,109
2018-07-30,6.17,6.21,6.16,6.21,6.21,110700,110
2018-07-31,6.17,6.22,6.16,6.19,6.19,91700,111
2018-08-01,6.35,6.35,5.96,6.09,6.09,32700,112
2018-08-02,5.98,6.02,5.96,6,6,26700,113
2018-08-03,5.94,5.96,5.91,5.96,5.96,21800,114
2018-08-06,5.98,5.98,5.95,5.95,5.95,25600,115
2018-08-07,5.96,6.02,5.96,6.02,6.02,80300,116
2018-08-08,6,6.01,5.86,5.91,5.91,206200,117
2018-08-09,5.9,5.92,5.9,5.91,5.91,75500,118
2018-08-10,5.9,5.9,5.85,5.86,5.86,10300,119
2018-08-13,5.86,5.89,5.83,5.86,5.86,97900,120
2018-08-14,5.82,5.82,5.8,5.81,5.81,134600,121
2018-08-15,5.8,5.8,5.69,5.71,5.71,64200,122
2018-08-16,5.71,5.79,5.71,5.79,5.79,178400,123
2018-08-17,5.77,5.79,5.76,5.78,5.78,42400,124
2018-08-20,5.76,5.77,5.73,5.75,5.75,29000,125
2018-08-21,5.77,5.78,5.73,5.77,5.77,73700,126
2018-08-22,5.81,5.86,5.8,5.82,5.82,91500,127
2018-08-23,5.72,5.72,5.69,5.71,5.71,88500,128
2018-08-24,5.77,5.77,5.68,5.68,5.68,37500,129
2018-08-27,5.77,5.78,5.75,5.77,5.77,51000,130
2018-08-28,5.84,5.85,5.82,5.82,5.82,151400,131
2018-08-29,5.78,5.83,5.78,5.83,5.83,33200,132
2018-08-30,5.82,5.82,5.72,5.72,5.72,66200,133
2018-08-31,5.76,5.77,5.71,5.74,5.74,111100,134
2018-09-04,5.61,5.61,5.56,5.61,5.61,54700,135
2018-09-05,5.54,5.55,5.51,5.54,5.54,192500,136
2018-09-06,5.59,5.59,5.54,5.59,5.59,48900,137
2018-09-07,5.53,5.53,5.49,5.51,5.51,83900,138
2018-09-10,5.5,5.55,5.5,5.52,5.52,114000,139
2018-09-11,5.5,5.51,5.48,5.49,5.49,208300,140
2018-09-12,5.5,5.55,5.49,5.53,5.53,65500,141
2018-09-13,5.63,5.64,5.61,5.63,5.63,97700,142
2018-09-14,5.72,5.75,5.7,5.74,5.74,66400,143
2018-09-17,5.78,5.78,5.73,5.74,5.74,60500,144
2018-09-18,5.8,5.88,5.8,5.86,5.86,76100,145
2018-09-19,5.81,5.89,5.81,5.87,5.87,72300,146
2018-09-20,5.94,5.95,5.89,5.91,5.91,36100,147
2018-09-21,6,6,5.96,5.98,5.98,59000,148
2018-09-24,6,6,5.96,5.96,5.96,21000,149
2018-09-25,5.89,5.98,5.89,5.96,5.96,95400,150
2018-09-26,5.91,5.96,5.88,5.91,5.91,31800,151
2018-09-27,5.94,5.96,5.88,5.95,5.95,44200,152
2018-09-28,5.98,5.98,5.93,5.96,5.96,19600,153
2018-10-01,5.92,5.97,5.92,5.96,5.96,91800,154
2018-10-02,5.96,5.96,5.92,5.96,5.96,62500,155
2018-10-03,5.86,5.88,5.83,5.85,5.85,61000,156
2018-10-04,5.85,5.85,5.76,5.79,5.79,61400,157
2018-10-05,5.81,5.87,5.81,5.83,5.83,52500,158
2018-10-08,5.83,5.86,5.77,5.85,5.85,40500,159
2018-10-09,5.95,5.95,5.78,5.82,5.82,85200,160
2018-10-10,5.71,5.71,5.62,5.62,5.62,56100,161
2018-10-11,5.71,5.72,5.62,5.65,5.65,85900,162
2018-10-12,5.73,5.73,5.59,5.65,5.65,46800,163
2018-10-15,5.59,5.65,5.59,5.65,5.65,23100,164
2018-10-16,5.72,5.75,5.7,5.74,5.74,145600,165
2018-10-17,5.69,5.71,5.64,5.65,5.65,58400,166
2018-10-18,5.64,5.65,5.54,5.58,5.58,139000,167
2018-10-19,5.53,5.64,5.53,5.59,5.59,60800,168
2018-10-22,5.58,5.58,5.53,5.54,5.54,37700,169
2018-10-23,5.47,5.6,5.44,5.57,5.57,261500,170
2018-10-24,5.48,5.48,5.37,5.38,5.38,159000,171
2018-10-25,5.4,5.46,5.4,5.46,5.46,86100,172
2018-10-26,5.2,5.27,5.04,5.14,5.14,156400,173
2018-10-29,5.35,5.35,5.22,5.25,5.25,129000,174
2018-10-30,5.23,5.3,5.23,5.3,5.3,119900,175
2018-10-31,5.31,5.31,5.14,5.21,5.21,32600,176
2018-11-01,5.31,5.37,5.31,5.37,5.37,101400,177
2018-11-02,5.36,5.37,5.31,5.31,5.31,84300,178
2018-11-05,5.34,5.36,5.31,5.34,5.34,85000,179
2018-11-06,5.39,5.4,5.36,5.39,5.39,101600,180
2018-11-07,5.48,5.48,5.35,5.45,5.45,130100,181
2018-11-08,5.35,5.42,5.31,5.31,5.31,56600,182
2018-11-09,5.25,5.26,5.2,5.24,5.24,41400,183
2018-11-12,5.24,5.25,5.12,5.19,5.19,57800,184
2018-11-13,5.12,5.18,5.09,5.09,5.09,325600,185
2018-11-14,5.25,5.27,5.2,5.25,5.25,147100,186
2018-11-15,5.26,5.3,5.24,5.28,5.28,93300,187
2018-11-16,5.22,5.24,5.2,5.21,5.21,35300,188
2018-11-19,5.08,5.22,5.08,5.13,5.13,24900,189
2018-11-20,5.1,5.13,5.06,5.07,5.07,233900,190
2018-11-21,5.1,5.14,5.1,5.13,5.13,62500,191
2018-11-23,5.28,5.28,5.08,5.17,5.17,5400,192
2018-11-26,5.28,5.3,5.25,5.26,5.26,106200,193
2018-11-27,5.3,5.35,5.29,5.31,5.31,284700,194
2018-11-28,5.31,5.37,5.28,5.35,5.35,154100,195
2018-11-29,5.37,5.37,5.29,5.31,5.31,59200,196
2018-11-30,5.29,5.29,5.24,5.27,5.27,46100,197
2018-12-03,5.44,5.47,5.43,5.47,5.47,85600,198
2018-12-04,5.4,5.44,5.3,5.3,5.3,256600,199
2018-12-06,5.22,5.44,5.22,5.39,5.39,78900,200
2018-12-07,5.39,5.4,5.35,5.39,5.39,64100,201
2018-12-10,5.38,5.4,5.29,5.39,5.39,131100,202
2018-12-11,5.35,5.36,5.28,5.32,5.32,225200,203
2018-12-12,5.36,5.42,5.36,5.38,5.38,52200,204
2018-12-13,5.48,5.5,5.46,5.49,5.49,89300,205
2018-12-14,5.44,5.45,5.4,5.42,5.42,132300,206
2018-12-17,5.36,5.37,5.29,5.33,5.33,81200,207
2018-12-18,5.41,5.45,5.39,5.43,5.43,164100,208
2018-12-19,5.48,5.49,5.35,5.38,5.38,80100,209
2018-12-20,5.36,5.36,5.29,5.34,5.34,109700,210
2018-12-21,5.2,5.26,5.16,5.22,5.22,192800,211
2018-12-24,5.18,5.19,5.11,5.11,5.11,34200,212
2018-12-26,5.07,5.07,4.9,4.96,4.96,281500,213
2018-12-27,4.95,5.13,4.9,5.13,5.13,225700,214
2018-12-28,5.13,5.13,5.04,5.1,5.1,169400,215
2018-12-31,5.2,5.2,5.09,5.09,5.09,425900,216
2019-01-02,5.1,5.15,5.1,5.15,5.15,138400,217
2019-01-03,5.12,5.15,5.07,5.11,5.11,205600,218
2019-01-04,5.09,5.24,5.09,5.23,5.23,42300,219
2019-01-07,5.25,5.31,5.23,5.25,5.25,45700,220
2019-01-08,5.38,5.39,5.34,5.39,5.39,91100,221
2019-01-09,5.42,5.43,5.41,5.42,5.42,53300,222
2019-01-10,5.38,5.45,5.38,5.42,5.42,45900,223
2019-01-11,5.36,5.44,5.36,5.42,5.42,50300,224
2019-01-14,5.39,5.42,5.39,5.41,5.41,66300,225
2019-01-15,5.32,5.33,5.29,5.32,5.32,36800,226
2019-01-16,5.31,5.35,5.31,5.34,5.34,41300,227
2019-01-17,5.33,5.36,5.29,5.36,5.36,64200,228
2019-01-18,5.41,5.46,5.41,5.45,5.45,21500,229
2019-01-22,5.42,5.46,5.4,5.42,5.42,47900,230
2019-01-23,5.42,5.42,5.37,5.4,5.4,18400,231
2019-01-24,5.44,5.47,5.43,5.46,5.46,29100,232
2019-01-25,5.52,5.53,5.5,5.52,5.52,45900,233
2019-01-28,5.48,5.49,5.45,5.47,5.47,67100,234
2019-01-29,5.45,5.46,5.42,5.44,5.44,36600,235
2019-01-30,5.43,5.49,5.41,5.47,5.47,21100,236
2019-01-31,5.46,5.5,5.44,5.49,5.49,64900,237
2019-02-01,5.47,5.47,5.44,5.45,5.45,113600,238
2019-02-04,5.5,5.52,5.48,5.5,5.5,26500,239
2019-02-05,5.51,5.52,5.49,5.51,5.51,33300,240
2019-02-06,5.67,5.85,5.67,5.7,5.7,85300,241
2019-02-07,5.82,5.85,5.8,5.82,5.82,7500,242
2019-02-08,5.67,5.69,5.66,5.69,5.69,29500,243
2019-02-11,5.7,5.71,5.68,5.7,5.7,13700,244
2019-02-12,5.82,5.84,5.82,5.83,5.83,19300,245
2019-02-13,5.85,5.87,5.84,5.84,5.84,16000,246
2019-02-14,5.78,5.8,5.77,5.79,5.79,11500,247
2019-02-15,5.78,5.81,5.77,5.8,5.8,22300,248
2019-02-19,5.74,5.77,5.73,5.75,5.75,29900,249
2019-02-20,5.78,5.79,5.76,5.78,5.78,25500,250
2019-02-21,5.77,5.77,5.74,5.75,5.75,31600,251
2019-02-22,5.79,5.79,5.77,5.78,5.78,10700,252
2019-02-25,5.81,5.83,5.8,5.81,5.81,34600,253
2019-02-26,5.87,5.88,5.84,5.86,5.86,12600,254
2019-02-27,5.88,5.89,5.85,5.87,5.87,9700,255
2019-02-28,5.85,5.86,5.83,5.84,5.84,14800,256
2019-03-01,5.86,5.89,5.84,5.88,5.88,20700,257
2019-03-04,5.74,5.77,5.65,5.69,5.69,116300,258
2019-03-05,5.68,5.69,5.63,5.69,5.69,35900,259
2019-03-06,5.65,5.68,5.64,5.64,5.64,103400,260
2019-03-07,5.51,5.54,5.51,5.53,5.53,15800,261
2019-03-08,5.53,5.53,5.39,5.46,5.46,30700,262
2019-03-11,5.5,5.53,5.49,5.51,5.51,46800,263
2019-03-12,5.5,5.58,5.5,5.55,5.55,32800,264
2019-03-13,5.52,5.54,5.52,5.53,5.53,7200,265
2019-03-14,5.45,5.48,5.44,5.46,5.46,18300,266
2019-03-15,5.51,5.52,5.5,5.52,5.52,37200,267
2019-03-18,5.53,5.61,5.53,5.6,5.6,35300,268
2019-03-19,5.6,5.61,5.56,5.58,5.58,15200,269
2019-03-20,5.57,5.62,5.55,5.59,5.59,17500,270
2019-03-21,5.59,5.63,5.59,5.62,5.62,38700,271
2019-03-22,5.62,5.66,5.58,5.59,5.59,32400,272
2019-03-25,5.6,5.64,5.58,5.63,5.63,18100,273
2019-03-26,5.71,5.73,5.69,5.72,5.72,18200,274
2019-03-27,5.74,5.79,5.63,5.72,5.72,11600,275
2019-03-28,5.59,5.62,5.59,5.61,5.61,18800,276
2019-03-29,5.54,5.57,5.54,5.56,5.56,21000,277
2019-04-01,5.64,5.67,5.64,5.66,5.66,32400,278
2019-04-02,5.75,5.75,5.73,5.75,5.75,28000,279
2019-04-03,5.76,5.79,5.75,5.76,5.76,8600,280
2019-04-04,5.72,5.76,5.72,5.75,5.75,12600,281
2019-04-05,5.78,5.82,5.78,5.81,5.81,18000,282
2019-04-08,5.78,5.78,5.76,5.77,5.77,30900,283
2019-04-09,5.89,5.91,5.89,5.9,5.9,10900,284
2019-04-10,5.89,5.89,5.86,5.87,5.87,20400,285
2019-04-11,5.9,5.9,5.86,5.87,5.87,13300,286
2019-04-12,5.9,5.9,5.88,5.89,5.89,5900,287
2019-04-15,5.84,5.84,5.8,5.82,5.82,11700,288
2019-04-16,5.83,5.85,5.82,5.84,5.84,5100,289
2019-04-17,5.96,5.98,5.96,5.98,5.98,5300,290
2019-04-18,6.05,6.05,6.02,6.02,6.02,3500,291
2019-04-22,5.93,5.94,5.92,5.93,5.93,9800,292
2019-04-23,5.94,5.97,5.92,5.97,5.97,28600,293
2019-04-24,5.83,5.88,5.83,5.85,5.85,22200,294
2019-04-25,5.86,5.87,5.85,5.87,5.87,31600,295
2019-04-26,5.87,5.87,5.84,5.86,5.86,15400,296
2019-04-29,5.84,5.89,5.84,5.88,5.88,20700,297
2019-04-30,5.89,5.9,5.86,5.88,5.88,20400,298
2019-05-01,5.9,5.9,5.85,5.87,5.87,8900,299
2019-05-02,5.84,5.86,5.84,5.85,5.85,8500,300
2019-05-03,5.92,5.93,5.87,5.93,5.93,2800,301
2019-05-06,5.8,5.87,5.78,5.87,5.87,8400,302
2019-05-07,5.83,5.9,5.78,5.86,5.86,89400,303
2019-05-08,5.85,5.86,5.83,5.86,5.86,36900,304
2019-05-09,5.85,5.91,5.85,5.89,5.89,25400,305
2019-05-10,5.75,5.75,5.69,5.74,5.74,12500,306
2019-05-13,5.59,5.61,5.56,5.59,5.59,22900,307
2019-05-14,5.46,5.56,5.46,5.55,5.55,53900,308
2019-05-15,5.5,5.6,5.47,5.6,5.6,68600,309
2019-05-16,5.59,5.59,5.52,5.53,5.53,18300,310
2019-05-17,5.49,5.49,5.43,5.43,5.43,39800,311
2019-05-20,5.38,5.39,5.36,5.39,5.39,7700,312
2019-05-21,5.35,5.37,5.34,5.35,5.35,18400,313
2019-05-22,5.26,5.27,5.24,5.24,5.24,19200,314
2019-05-23,5.22,5.22,5.12,5.15,5.15,24300,315
2019-05-24,5.34,5.34,5.24,5.27,5.27,35200,316
2019-05-28,5.29,5.3,5.22,5.22,5.22,79600,317
2019-05-29,5.21,5.23,5.19,5.19,5.19,74400,318
2019-05-30,5.14,5.18,5.14,5.15,5.15,52000,319
2019-05-31,4.83,4.83,4.76,4.83,4.83,73900,320
2019-06-03,4.82,4.9,4.82,4.87,4.87,44000,321
2019-06-04,4.91,5.02,4.91,5.01,5.01,81700,322
2019-06-05,5.13,5.16,5.1,5.12,5.12,73600,323
2019-06-06,5.1,5.12,5.1,5.1,5.1,119900,324
2019-06-07,5.13,5.15,5.11,5.14,5.14,109500,325
2019-06-10,5.21,5.21,5.13,5.15,5.15,170800,326
2019-06-11,5.17,5.21,5.17,5.19,5.19,165500,327
2019-06-12,5.09,5.1,5.07,5.07,5.07,21400,328
2019-06-13,5.1,5.1,5.02,5.03,5.03,62400,329
2019-06-14,5,5.05,5,5.03,5.03,84200,330
2019-06-17,5.04,5.04,5.01,5.02,5.02,115100,331
2019-06-18,5.1,5.14,5.1,5.12,5.12,238000,332
2019-06-19,5.19,5.19,5.17,5.19,5.19,37400,333
2019-06-20,5.18,5.18,5.13,5.15,5.15,178200,334
2019-06-21,5.19,5.19,5.07,5.11,5.11,58400,335
2019-06-24,5.12,5.21,5.12,5.13,5.13,69400,336
2019-06-25,5.11,5.13,5.08,5.09,5.09,45700,337
2019-06-26,5,5.04,5,5.02,5.02,58800,338
2019-06-27,5.11,5.14,5.11,5.13,5.13,21200,339
2019-06-28,5.13,5.18,5.13,5.16,5.16,41400,340
2019-07-01,5.31,5.31,5.2,5.21,5.21,65900,341
2019-07-02,5.25,5.25,5.18,5.18,5.18,170700,342
2019-07-03,5.21,5.21,5.15,5.17,5.17,14700,343
2019-07-05,5.04,5.11,5.04,5.1,5.1,42800,344
2019-07-08,5.05,5.1,5.05,5.08,5.08,64800,345
2019-07-09,5.04,5.07,5.03,5.03,5.03,49500,346
2019-07-10,5.23,5.23,5.05,5.07,5.07,139300,347
2019-07-11,5.05,5.18,5.05,5.07,5.07,69000,348
2019-07-12,5.08,5.1,5.08,5.08,5.08,52400,349
2019-07-15,5.1,5.1,5.08,5.08,5.08,44200,350
2019-07-16,5.08,5.1,5.07,5.1,5.1,62800,351
2019-07-17,5.13,5.13,5.05,5.05,5.05,80700,352
2019-07-18,4.94,5.04,4.94,5.02,5.02,66000,353
2019-07-19,5.02,5.06,5.02,5.04,5.04,18800,354
2019-07-22,5.11,5.13,5.03,5.04,5.04,50900,355
2019-07-23,5.01,5.09,5.01,5.08,5.08,162600,356
2019-07-24,4.99,5.1,4.99,5.1,5.1,49500,357
2019-07-25,5.08,5.1,5.02,5.02,5.02,30100,358
2019-07-26,5,5,4.97,4.99,4.99,46900,359
2019-07-29,4.94,5.03,4.94,5.03,5.03,44700,360
2019-07-30,4.96,5,4.95,4.96,4.96,87200,361
2019-07-31,4.81,4.82,4.7,4.76,4.76,103000,362
2019-08-01,4.77,4.87,4.73,4.77,4.77,210100,363
2019-08-02,4.6,4.65,4.58,4.59,4.59,61400,364
2019-08-05,4.5,4.5,4.37,4.37,4.37,66400,365
2019-08-06,4.51,4.51,4.46,4.51,4.51,374900,366
2019-08-07,4.37,4.42,4.35,4.41,4.41,101000,367
2019-08-08,4.38,4.38,4.31,4.36,4.36,113800,368
2019-08-09,4.35,4.35,4.27,4.28,4.28,174900,369
2019-08-12,4.26,4.29,4.25,4.26,4.26,86500,370
2019-08-13,4.16,4.16,4.08,4.14,4.14,151700,371
2019-08-14,4.1,4.12,4.06,4.06,4.06,106900,372
2019-08-15,4.06,4.1,4.05,4.1,4.1,253300,373
2019-08-16,4.09,4.15,4.09,4.14,4.14,47000,374
2019-08-19,4.17,4.19,4.17,4.17,4.17,72300,375
2019-08-20,4.1,4.11,4.04,4.06,4.06,461500,376
2019-08-21,4.06,4.06,4.01,4.02,4.02,81600,377
2019-08-22,4.06,4.09,4.05,4.06,4.06,84300,378
2019-08-23,4.09,4.1,4.04,4.07,4.07,39600,379
2019-08-26,4.11,4.11,4.07,4.07,4.07,37500,380
2019-08-27,4.06,4.1,4.05,4.06,4.06,310200,381
2019-08-28,4.04,4.12,4.04,4.12,4.12,73800,382
2019-08-29,4.07,4.1,4.07,4.09,4.09,58500,383
2019-08-30,4.13,4.17,4.12,4.13,4.13,120300,384
2019-09-03,4.1,4.1,4.07,4.08,4.08,65900,385
2019-09-04,4.13,4.13,4.07,4.09,4.09,521100,386
2019-09-05,4.17,4.19,4.16,4.17,4.17,175100,387
2019-09-06,4.29,4.33,4.27,4.27,4.27,90000,388
2019-09-09,4.3,4.3,4.3,4.3,4.3,38100,389
2019-09-10,4.5,4.5,4.46,4.48,4.48,53000,390
2019-09-11,4.58,4.62,4.58,4.61,4.61,118700,391
2019-09-12,4.69,4.69,4.59,4.63,4.63,56500,392
2019-09-13,4.6,4.63,4.6,4.63,4.63,91300,393
2019-09-16,4.69,4.69,4.6,4.62,4.62,42200,394
2019-09-17,4.61,4.66,4.6,4.63,4.63,22600,395
2019-09-18,4.58,4.6,4.51,4.54,4.54,79000,396
2019-09-19,4.51,4.52,4.49,4.5,4.5,100100,397
2019-09-20,4.5,4.51,4.46,4.49,4.49,44200,398
2019-09-23,4.47,4.48,4.45,4.47,4.47,56200,399
2019-09-24,4.48,4.5,4.44,4.46,4.46,163400,400
2019-09-25,4.5,4.5,4.46,4.49,4.49,36400,401
2019-09-26,4.55,4.63,4.48,4.49,4.49,131800,402
2019-09-27,4.42,4.42,4.37,4.4,4.4,96300,403
2019-09-30,4.43,4.47,4.42,4.43,4.43,54800,404
2019-10-01,4.5,4.55,4.5,4.53,4.53,213400,405
2019-10-02,4.4,4.4,4.32,4.33,4.33,75600,406
2019-10-03,4.32,4.34,4.29,4.34,4.34,176800,407
2019-10-04,4.46,4.46,4.37,4.38,4.38,126700,408
2019-10-07,4.46,4.46,4.39,4.4,4.4,90900,409
2019-10-08,4.37,4.4,4.34,4.35,4.35,261700,410
2019-10-09,4.38,4.4,4.34,4.37,4.37,89400,411
2019-10-10,4.35,4.38,4.34,4.37,4.37,338300,412
2019-10-11,4.37,4.46,4.37,4.43,4.43,800,413
2019-10-14,4.39,4.53,4.39,4.45,4.45,15600,414
2019-10-15,4.5,4.56,4.5,4.52,4.52,38500,415
2019-10-16,4.57,4.57,4.5,4.51,4.51,37900,416
2019-10-17,4.56,4.59,4.55,4.55,4.55,37700,417
2019-10-18,4.53,4.56,4.53,4.55,4.55,116000,418
2019-10-21,4.56,4.56,4.5,4.53,4.53,44600,419
2019-10-22,4.5,4.58,4.5,4.54,4.54,39800,420
2019-10-23,4.48,4.59,4.48,4.56,4.56,26300,421
2019-10-24,4.57,4.57,4.54,4.56,4.56,61600,422
2019-10-25,4.54,4.57,4.54,4.57,4.57,16300,423
2019-10-28,4.57,4.6,4.54,4.57,4.57,16900,424
2019-10-29,4.61,4.68,4.61,4.66,4.66,18200,425
2019-10-30,4.66,4.66,4.58,4.58,4.58,32300,426
2019-10-31,4.6,4.6,4.52,4.56,4.56,26100,427
2019-11-01,4.5,4.51,4.45,4.49,4.49,12600,428
2019-11-04,4.5,4.58,4.5,4.58,4.58,14700,429
2019-11-05,4.6,4.62,4.58,4.61,4.61,15300,430
2019-11-06,4.61,4.63,4.6,4.62,4.62,42800,431
2019-11-07,4.59,4.6,4.56,4.58,4.58,8400,432
2019-11-08,4.6,4.6,4.58,4.59,4.59,6800,433
2019-11-11,4.61,4.61,4.54,4.54,4.54,13400,434
2019-11-12,4.51,4.61,4.51,4.58,4.58,12800,435
2019-11-13,4.53,4.57,4.53,4.55,4.55,22500,436
2019-11-14,4.47,4.5,4.44,4.46,4.46,29400,437
2019-11-15,4.41,4.45,4.41,4.44,4.44,4000,438
2019-11-18,4.5,4.5,4.42,4.42,4.42,13700,439
2019-11-19,4.41,4.41,4.39,4.39,4.39,30700,440
2019-11-20,4.35,4.37,4.33,4.33,4.33,10800,441
2019-11-21,4.38,4.38,4.35,4.35,4.35,61500,442
2019-11-22,4.34,4.37,4.34,4.36,4.36,23700,443
2019-11-25,4.4,4.42,4.38,4.4,4.4,23500,444
2019-11-26,4.39,4.41,4.37,4.38,4.38,31100,445
2019-11-27,4.4,4.43,4.39,4.39,4.39,39200,446
2019-11-29,4.39,4.43,4.35,4.4,4.4,9400,447
2019-12-02,4.36,4.39,4.34,4.36,4.36,82400,448
2019-12-03,4.28,4.31,4.24,4.27,4.27,76200,449
2019-12-04,4.3,4.3,4.27,4.3,4.3,60700,450
2019-12-05,4.37,4.37,4.27,4.29,4.29,161300,451
2019-12-06,4.34,4.36,4.33,4.35,4.35,18500,452
2019-12-09,4.4,4.4,4.39,4.39,4.39,55500,453
2019-12-10,4.36,4.37,4.34,4.36,4.36,61900,454
2019-12-11,4.28,4.36,4.28,4.32,4.32,15200,455
2019-12-12,4.31,4.35,4.3,4.32,4.32,57000,456
2019-12-13,4.35,4.4,4.35,4.38,4.38,44700,457
2019-12-16,4.4,4.4,4.34,4.39,4.39,18900,458
2019-12-17,4.4,4.4,4.33,4.34,4.34,37900,459
2019-12-18,4.34,4.35,4.32,4.33,4.33,17700,460
2019-12-19,4.37,4.37,4.31,4.36,4.36,20400,461
2019-12-20,4.35,4.35,4.3,4.3,4.3,44400,462
2019-12-23,4.28,4.28,4.25,4.26,4.26,60300,463
2019-12-24,4.3,4.33,4.26,4.26,4.26,11700,464
2019-12-26,4.26,4.26,4.2,4.22,4.22,69500,465
2019-12-27,4.22,4.25,4.22,4.23,4.23,29700,466
2019-12-30,4.26,4.26,4.2,4.22,4.22,74700,467
2019-12-31,4.25,4.25,4.21,4.22,4.22,17000,468
2020-01-02,4.29,4.31,4.22,4.25,4.25,36100,469
2020-01-03,4.25,4.25,4.21,4.21,4.21,13400,470
2020-01-06,4.2,4.24,4.17,4.21,4.21,42000,471
2020-01-07,4.23,4.26,4.23,4.23,4.23,65100,472
2020-01-08,4.18,4.29,4.18,4.21,4.21,28900,473
2020-01-09,4.29,4.32,4.28,4.29,4.29,33200,474
2020-01-10,4.43,4.43,4.29,4.31,4.31,67200,475
2020-01-13,4.3,4.34,4.21,4.34,4.34,58600,476
2020-01-14,4.34,4.36,4.28,4.29,4.29,17000,477
2020-01-15,4.31,4.32,4.28,4.28,4.28,30900,478
2020-01-16,4.28,4.31,4.28,4.31,4.31,24100,479
2020-01-17,4.46,4.6,4.46,4.54,4.54,26400,480
2020-01-21,4.43,4.5,4.42,4.43,4.43,14500,481
2020-01-22,4.38,4.38,4.34,4.37,4.37,77100,482
2020-01-23,4.37,4.39,4.35,4.36,4.36,28500,483
2020-01-24,4.36,4.36,4.25,4.27,4.27,22300,484
2020-01-27,4.21,4.22,4.18,4.19,4.19,9800,485
2020-01-28,4.25,4.28,4.23,4.28,4.28,113400,486
2020-01-29,4.24,4.28,4.22,4.26,4.26,235200,487
2020-01-30,4.18,4.23,4.17,4.21,4.21,82100,488
2020-01-31,4.26,4.26,4.15,4.17,4.17,83000,489
2020-02-03,4.17,4.18,4.11,4.11,4.11,51300,490
2020-02-04,4.15,4.24,4.15,4.24,4.24,185000,491
2020-02-05,4.22,4.26,4.13,4.25,4.25,118900,492
2020-02-06,4.33,4.33,4.25,4.26,4.26,28100,493
2020-02-07,4.11,4.17,4.07,4.07,4.07,55900,494
2020-02-10,4,4.04,3.96,3.98,3.98,124200,495
2020-02-11,4.05,4.06,3.99,4.03,4.03,57400,496
2020-02-12,4.06,4.06,4.03,4.06,4.06,125300,497
2020-02-13,4.05,4.08,4.04,4.06,4.06,63800,498
2020-02-14,3.98,4,3.97,3.98,3.98,94700,499
2020-02-18,4.04,4.04,3.97,3.98,3.98,78400,500
2020-02-19,3.98,3.98,3.96,3.97,3.97,137000,501
2020-02-20,3.94,3.99,3.93,3.96,3.96,114600,502
2020-02-21,3.99,3.99,3.94,3.95,3.95,78400,503
2020-02-24,3.95,3.95,3.77,3.77,3.77,82400,504
2020-02-25,3.7,3.74,3.62,3.63,3.63,311300,505
2020-02-26,3.67,3.67,3.59,3.63,3.63,311200,506
2020-02-27,3.51,3.53,3.44,3.46,3.46,261500,507
2020-02-28,3.28,3.39,3.28,3.36,3.36,205500,508
2020-03-02,3.37,3.63,3.36,3.46,3.46,228800,509
2020-03-03,3.45,3.45,3.32,3.37,3.37,666700,510
2020-03-04,3.46,3.46,3.35,3.42,3.42,146200,511
2020-03-05,3.32,3.37,3.29,3.3,3.3,179400,512
2020-03-06,3.21,3.24,3.17,3.24,3.24,379400,513
2020-03-09,3.01,3.01,2.89,2.95,2.95,157500,514
2020-03-10,3.23,3.23,2.94,3.09,3.09,610200,515
2020-03-11,3.09,3.11,2.98,3,3,404600,516
2020-03-12,2.89,2.89,2.6,2.83,2.83,526200,517
2020-03-13,2.81,2.84,2.64,2.83,2.83,503200,518
2020-03-16,2.67,2.67,2.5,2.57,2.57,242600,519
2020-03-17,2.55,2.8,2.55,2.75,2.75,353000,520
2020-03-18,2.88,2.95,2.57,2.7,2.7,186200,521
2020-03-19,2.88,3.18,2.85,2.92,2.92,91600,522
2020-03-20,3.06,3.08,2.9,2.94,2.94,61600,523
2020-03-23,2.89,2.89,2.6,2.66,2.66,53100,524
2020-03-24,3,3,2.8,2.85,2.85,869000,525
2020-03-25,2.95,2.99,2.78,2.87,2.87,156400,526
2020-03-26,3,3.05,2.52,2.88,2.88,52000,527
2020-03-27,3.01,3.02,2.74,2.8,2.8,150700,528
2020-03-30,2.79,2.88,2.72,2.84,2.84,627200,529
2020-03-31,2.7,2.87,2.51,2.66,2.66,465500,530
2020-04-01,2.51,2.7,2.42,2.42,2.42,117400,531
2020-04-02,2.54,2.54,2.33,2.37,2.37,133500,532
2020-04-03,2.39,2.48,2.28,2.3,2.3,245000,533
2020-04-06,2.29,2.5,2.29,2.5,2.5,168600,534
2020-04-07,2.93,2.93,2.54,2.55,2.55,123800,535
2020-04-08,2.67,2.67,2.51,2.58,2.58,109600,536
2020-04-09,2.68,2.93,2.68,2.71,2.71,126300,537
2020-04-13,2.84,2.84,2.58,2.58,2.58,132900,538
2020-04-14,2.71,2.78,2.69,2.73,2.73,898900,539
2020-04-15,2.6,2.7,2.6,2.64,2.64,103500,540
2020-04-16,2.64,2.64,2.45,2.48,2.48,164700,541
2020-04-17,2.6,2.66,2.54,2.56,2.56,311600,542
2020-04-20,2.61,2.61,2.48,2.53,2.53,318300,543
2020-04-21,2.55,2.55,2.43,2.45,2.45,707900,544
2020-04-22,2.5,2.5,2.4,2.45,2.45,222200,545
2020-04-23,2.46,2.57,2.46,2.49,2.49,259900,546
2020-04-24,2.42,2.61,2.42,2.56,2.56,62400,547
2020-04-27,2.58,2.68,2.58,2.62,2.62,231200,548
2020-04-28,2.75,2.75,2.68,2.68,2.68,346200,549
2020-04-29,2.81,2.81,2.72,2.79,2.79,77700,550
2020-04-30,2.86,2.86,2.75,2.78,2.78,340700,551
2020-05-01,2.72,2.72,2.59,2.62,2.62,63300,552
2020-05-04,2.81,2.81,2.59,2.6,2.6,81000,553
2020-05-05,2.6,2.71,2.6,2.68,2.68,27700,554
2020-05-06,2.7,2.73,2.61,2.61,2.61,52800,555
2020-05-07,2.55,2.6,2.55,2.59,2.59,589000,556
2020-05-08,2.68,2.71,2.64,2.7,2.7,40900,557
2020-05-11,2.84,2.92,2.84,2.89,2.89,105400,558
2020-05-12,2.86,2.87,2.73,2.81,2.81,703200,559
2020-05-13,2.73,2.78,2.72,2.74,2.74,304300,560
2020-05-14,2.72,2.72,2.62,2.68,2.68,152700,561
2020-05-15,2.86,2.86,2.76,2.8,2.8,27600,562
2020-05-18,2.86,2.86,2.82,2.84,2.84,47500,563
2020-05-19,2.84,2.92,2.84,2.85,2.85,342400,564
2020-05-20,2.9,2.95,2.87,2.91,2.91,47500,565
2020-05-21,2.86,2.93,2.83,2.83,2.83,69600,566
2020-05-22,2.83,2.87,2.81,2.81,2.81,10300,567
2020-05-26,3.04,3.04,2.96,2.97,2.97,43800,568
2020-05-27,3.1,3.2,3.1,3.15,3.15,154100,569
2020-05-28,3.6,3.6,3.33,3.42,3.42,184500,570
2020-05-29,3.08,3.27,3.08,3.17,3.17,164400,571
2020-06-01,3.14,3.25,3.14,3.22,3.22,43700,572
2020-06-02,3.23,3.27,3.19,3.21,3.21,75600,573
2020-06-03,3.4,3.52,3.31,3.48,3.48,73600,574
2020-06-04,3.42,3.43,3.4,3.42,3.42,23300,575
2020-06-05,3.63,3.68,3.58,3.66,3.66,23000,576
2020-06-08,3.9,3.9,3.82,3.85,3.85,53900,577
2020-06-09,3.71,3.71,3.55,3.67,3.67,38900,578
2020-06-10,3.6,3.72,3.6,3.69,3.69,19300,579
2020-06-11,3.44,3.5,3.35,3.39,3.39,52500,580
2020-06-12,3.55,3.55,3.44,3.46,3.46,23700,581
2020-06-15,2.98,3.36,2.98,3.35,3.35,62900,582
2020-06-16,3.54,3.64,3.5,3.55,3.55,34800,583
2020-06-17,3.54,3.54,3.42,3.43,3.43,20200,584
2020-06-18,3.45,3.45,3.35,3.38,3.38,25000,585
2020-06-19,3.36,3.36,3.22,3.24,3.24,64400,586
2020-06-22,3.25,3.3,3.2,3.24,3.24,21900,587
2020-06-23,3.29,3.3,3.21,3.26,3.26,35800,588
2020-06-24,3.17,3.17,3.07,3.07,3.07,18100,589
2020-06-25,3.05,3.05,2.97,3.02,3.02,49200,590
2020-06-26,2.97,2.97,2.88,2.89,2.89,51000,591
2020-06-29,2.83,2.95,2.83,2.88,2.88,27400,592
2020-06-30,2.99,2.99,2.92,2.94,2.94,78400,593
2020-07-01,3.03,3.03,2.95,2.97,2.97,45600,594
2020-07-02,3.03,3.14,3.03,3.06,3.06,115400,595
2020-07-06,3.18,3.18,3.1,3.12,3.12,32500,596
2020-07-07,3.02,3.04,2.98,3.01,3.01,139900,597
2020-07-08,3,3.02,2.97,3,3,22900,598
2020-07-09,2.95,2.97,2.91,2.93,2.93,23900,599
2020-07-10,2.96,2.96,2.91,2.94,2.94,26300,600
2020-07-13,3.18,3.18,3.08,3.09,3.09,39400,601
2020-07-14,3.11,3.12,3.07,3.1,3.1,37000,602
2020-07-15,3.26,3.26,3.22,3.25,3.25,19000,603
2020-07-16,3.31,3.38,3.31,3.34,3.34,46500,604
2020-07-17,3.31,3.31,3.25,3.27,3.27,89600,605
2020-07-20,3.27,3.27,3.24,3.27,3.27,39600,606
2020-07-21,3.16,3.2,3.16,3.18,3.18,35800,607
2020-07-22,3.23,3.23,3.18,3.2,3.2,18500,608
2020-07-23,3.17,3.23,3.17,3.17,3.17,25600,609
2020-07-24,3.21,3.21,3.16,3.17,3.17,34000,610
2020-07-27,3.25,3.28,3.22,3.28,3.28,19600,611
2020-07-28,3.1,3.2,3.1,3.18,3.18,39700,612
2020-07-29,3.08,3.08,3.02,3.04,3.04,33900,613
2020-07-30,2.96,2.97,2.91,2.96,2.96,181600,614
2020-07-31,2.95,2.97,2.82,2.97,2.97,42900,615
2020-08-03,2.84,2.84,2.72,2.76,2.76,197800,616
2020-08-04,2.85,2.96,2.85,2.94,2.94,162300,617
2020-08-05,2.94,2.94,2.88,2.9,2.9,81800,618
2020-08-06,2.84,2.84,2.8,2.81,2.81,36000,619
2020-08-07,2.81,2.88,2.81,2.85,2.85,68900,620
2020-08-10,3.01,3.01,2.69,2.88,2.88,79500,621
2020-08-11,3.09,3.09,3.02,3.04,3.04,135000,622
2020-08-12,3.2,3.2,3.1,3.12,3.12,87700,623
2020-08-13,2.99,3.15,2.99,3.12,3.12,78800,624
2020-08-14,3.01,3.06,2.92,3.02,3.02,43600,625
2020-08-17,3,3.1,3,3.07,3.07,27900,626
2020-08-18,3.05,3.05,2.94,2.99,2.99,41200,627
2020-08-19,3.04,3.08,3.01,3.05,3.05,46900,628
2020-08-20,2.95,3.03,2.95,3.02,3.02,65400,629
2020-08-21,3.05,3.09,3.04,3.06,3.06,16700,630
2020-08-24,3.09,3.09,3,3.04,3.04,87300,631
2020-08-25,3.05,3.11,3.05,3.11,3.11,34300,632
2020-08-26,3.2,3.2,3.13,3.15,3.15,25800,633
2020-08-27,3.13,3.13,3.03,3.03,3.03,30700,634
2020-08-28,3.08,3.14,3.08,3.11,3.11,56900,635
2020-08-31,3.1,3.17,3.1,3.17,3.17,41400,636
2020-09-01,3.16,3.18,3.12,3.12,3.12,46800,637
2020-09-02,3.15,3.16,3.09,3.14,3.14,26700,638
2020-09-03,3.12,3.12,3.03,3.06,3.06,47600,639
2020-09-04,3.05,3.11,3.04,3.08,3.08,51400,640
2020-09-08,3.17,3.18,3.06,3.15,3.15,59900,641
2020-09-09,3.15,3.16,3.12,3.13,3.13,21200,642
2020-09-10,3.17,3.23,3.17,3.2,3.2,28100,643
2020-09-11,3.15,3.22,3.15,3.21,3.21,63500,644
2020-09-14,3.26,3.26,3.19,3.2,3.2,26600,645
2020-09-15,3.2,3.2,3.12,3.13,3.13,38000,646
2020-09-16,3.14,3.14,3.07,3.1,3.1,30700,647
2020-09-17,3.04,3.04,3,3,3,47700,648
2020-09-18,3.09,3.09,3,3.01,3.01,88000,649
2020-09-21,2.86,3.04,2.86,2.95,2.95,53500,650
2020-09-22,2.98,2.98,2.95,2.97,2.97,20200,651
2020-09-23,2.96,2.96,2.92,2.93,2.93,72600,652
2020-09-24,2.91,2.91,2.82,2.86,2.86,90900,653
2020-09-25,2.89,2.89,2.8,2.84,2.84,23700,654
2020-09-28,2.9,2.9,2.86,2.87,2.87,36600,655
2020-09-29,2.85,3,2.85,2.89,2.89,119900,656
2020-09-30,2.89,2.89,2.86,2.88,2.88,226300,657
2020-10-01,2.95,2.95,2.86,2.87,2.87,41000,658
2020-10-02,2.85,2.85,2.8,2.81,2.81,507100,659
2020-10-05,2.95,2.95,2.77,2.86,2.86,49200,660
2020-10-06,2.81,2.95,2.81,2.85,2.85,122800,661
2020-10-07,2.83,2.94,2.83,2.93,2.93,18000,662
2020-10-08,2.85,2.89,2.85,2.87,2.87,211400,663
2020-10-09,2.86,2.92,2.82,2.84,2.84,38100,664
2020-10-12,2.9,2.9,2.8,2.85,2.85,55900,665
2020-10-13,2.96,2.96,2.84,2.87,2.87,70500,666
2020-10-14,2.94,2.94,2.8,2.88,2.88,32900,667
2020-10-15,2.87,2.87,2.82,2.85,2.85,52600,668
2020-10-16,2.8,2.9,2.8,2.85,2.85,24100,669
2020-10-19,2.81,2.89,2.81,2.83,2.83,39800,670
2020-10-20,2.88,2.88,2.76,2.83,2.83,95800,671
2020-10-21,2.86,2.89,2.86,2.87,2.87,75800,672
2020-10-22,2.88,2.88,2.84,2.84,2.84,43900,673
2020-10-23,2.87,2.91,2.87,2.9,2.9,36500,674
2020-10-26,2.81,2.92,2.81,2.89,2.89,24700,675
2020-10-27,3.02,3.02,2.82,2.82,2.82,69600,676
2020-10-28,2.71,2.71,2.61,2.63,2.63,55800,677
2020-10-29,2.74,2.74,2.63,2.65,2.65,299100,678
2020-10-30,2.65,2.66,2.57,2.58,2.58,180700,679
2020-11-02,2.77,2.77,2.61,2.68,2.68,107400,680
2020-11-03,2.82,2.82,2.73,2.78,2.78,60800,681
2020-11-04,2.78,2.81,2.73,2.77,2.77,108500,682
2020-11-05,2.87,2.87,2.71,2.78,2.78,27000,683
2020-11-06,2.81,2.85,2.81,2.83,2.83,76900,684
2020-11-09,2.92,2.92,2.83,2.86,2.86,81000,685
2020-11-10,2.92,3.1,2.92,3.03,3.03,124500,686
2020-11-11,3.06,3.06,2.92,3.05,3.05,45800,687
2020-11-12,2.99,2.99,2.87,2.87,2.87,48500,688
2020-11-13,2.93,2.97,2.9,2.91,2.91,32100,689
2020-11-16,3.15,3.2,3.03,3.11,3.11,73400,690
2020-11-17,3,3.15,3,3.05,3.05,19100,691
2020-11-18,3.15,3.15,3,3.03,3.03,19600,692
2020-11-19,3.01,3.03,2.96,2.97,2.97,64300,693
2020-11-20,3.04,3.12,3.01,3.04,3.04,34800,694
2020-11-23,2.98,3.16,2.98,3.08,3.08,43100,695
2020-11-24,3.09,3.2,3.09,3.18,3.18,59900,696
2020-11-25,3.2,3.2,3.1,3.16,3.16,60900,697
2020-11-27,3.19,3.19,3.05,3.11,3.11,11400,698
2020-11-30,3,3.1,2.93,2.93,2.93,466200,699
2020-12-01,3.09,3.09,2.99,3.02,3.02,183600,700
2020-12-02,3.1,3.1,3,3.02,3.02,35400,701
2020-12-03,2.99,3.07,2.99,3.07,3.07,46800,702
2020-12-04,3.1,3.12,3.07,3.12,3.12,91500,703
2020-12-07,3.15,3.15,3.05,3.05,3.05,61700,704
2020-12-08,3.15,3.15,3.06,3.08,3.08,82200,705
2020-12-09,3.2,3.2,3.06,3.09,3.09,34400,706
2020-12-10,3.06,3.14,3.06,3.11,3.11,23200,707
2020-12-11,3.07,3.17,3.07,3.13,3.13,18500,708
2020-12-14,3.25,3.25,3.17,3.17,3.17,44800,709
2020-12-15,3.25,3.25,3.17,3.22,3.22,36700,710
2020-12-16,3.3,3.38,3.28,3.33,3.33,121600,711
2020-12-17,3.41,3.41,3.26,3.29,3.29,20500,712
2020-12-18,3.29,3.39,3.29,3.37,3.37,54200,713
2020-12-21,3.38,3.38,3.25,3.28,3.28,65800,714
2020-12-22,3.37,3.37,3.29,3.33,3.33,56500,715
2020-12-23,3.12,3.33,3.12,3.27,3.27,102500,716
2020-12-24,3.39,3.39,3.25,3.31,3.31,14900,717
2020-12-28,3.19,3.33,3.19,3.27,3.27,42500,718
2020-12-29,3.23,3.4,3.23,3.31,3.31,36600,719
2020-12-30,3.4,3.4,3.29,3.3,3.3,25300,720
2020-12-31,3.39,3.39,3.25,3.34,3.34,39800,721
2021-01-04,3.32,3.32,3.22,3.27,3.27,143400,722
2021-01-05,3.09,3.28,3.09,3.24,3.24,63900,723
2021-01-06,3.4,3.4,3.21,3.37,3.37,53200,724
2021-01-07,3.52,3.52,3.4,3.47,3.47,23800,725
2021-01-08,3.63,3.63,3.51,3.55,3.55,47500,726
2021-01-11,3.6,3.62,3.5,3.55,3.55,54500,727
2021-01-12,3.6,3.6,3.5,3.54,3.54,46200,728
2021-01-13,3.39,3.6,3.39,3.54,3.54,12200,729
2021-01-14,3.72,3.72,3.63,3.63,3.63,46400,730
2021-01-15,3.7,3.7,3.57,3.62,3.62,31000,731
2021-01-19,3.7,3.75,3.63,3.73,3.73,43700,732
2021-01-20,3.69,3.85,3.69,3.8,3.8,32400,733
2021-01-21,3.8,3.8,3.67,3.7,3.7,48600,734
2021-01-22,3.74,3.74,3.62,3.68,3.68,19000,735
2021-01-25,3.73,3.73,3.6,3.64,3.64,34300,736
2021-01-26,3.64,3.65,3.62,3.63,3.63,21800,737
2021-01-27,3.63,3.63,3.48,3.51,3.51,68000,738
2021-01-28,3.58,3.75,3.58,3.74,3.74,70600,739
2021-01-29,3.63,3.63,3.52,3.57,3.57,89700,740
2021-02-01,3.71,3.71,3.57,3.62,3.62,48000,741
2021-02-02,3.73,3.73,3.63,3.7,3.7,44700,742
2021-02-03,3.86,3.86,3.75,3.76,3.76,77400,743
2021-02-04,3.91,4,3.88,3.95,3.95,67300,744
2021-02-05,4.49,4.57,4.49,4.54,4.54,81000,745
2021-02-08,4.57,4.57,4.52,4.55,4.55,55900,746
2021-02-09,4.45,4.45,4.16,4.24,4.24,61500,747
2021-02-10,4.22,4.3,4.21,4.22,4.22,68000,748
2021-02-11,4.22,4.3,4.2,4.26,4.26,48700,749
2021-02-12,4.25,4.25,4.17,4.24,4.24,64200,750
2021-02-16,4.15,4.36,4.15,4.19,4.19,30600,751
2021-02-17,4.32,4.39,4.2,4.32,4.32,52700,752
2021-02-18,4.08,4.14,4,4.05,4.05,52700,753
2021-02-19,4.16,4.16,4.05,4.08,4.08,54400,754
2021-02-22,4.14,4.14,4,4.04,4.04,92000,755
2021-02-23,4.13,4.13,3.98,4.03,4.03,56400,756
2021-02-24,4.04,4.18,4.04,4.12,4.12,75900,757
2021-02-25,4.11,4.14,3.92,3.94,3.94,68800,758
2021-02-26,3.95,4,3.93,3.97,3.97,59400,759
2021-03-01,4.08,4.08,4,4.06,4.06,36400,760
2021-03-02,4.06,4.09,4.04,4.04,4.04,36000,761
2021-03-03,4.17,4.2,4.12,4.14,4.14,19700,762
2021-03-04,4.17,4.17,4.03,4.04,4.04,35700,763
2021-03-05,4.15,4.27,4.08,4.25,4.25,59500,764
2021-03-08,4.26,4.28,4.08,4.2,4.2,26600,765
2021-03-09,4.37,4.37,4.27,4.32,4.32,33000,766
2021-03-10,4.26,4.26,4.05,4.19,4.19,67300,767
2021-03-11,4.24,4.24,4.1,4.11,4.11,21400,768
2021-03-12,4.08,4.11,4.03,4.11,4.11,25300,769
2021-03-15,4.26,4.26,4.11,4.15,4.15,24100,770
2021-03-16,4.21,4.21,4.07,4.1,4.1,108900,771
2021-03-17,4.1,4.2,3.98,4.17,4.17,46000,772
2021-03-18,4.22,4.22,4.1,4.1,4.1,37500,773
2021-03-19,4.32,4.32,4.15,4.2,4.2,86700,774
2021-03-22,4.24,4.25,4.11,4.19,4.19,38400,775
2021-03-23,4.07,4.19,4.07,4.12,4.12,23200,776
2021-03-24,4.04,4.04,3.93,3.99,3.99,116100,777
2021-03-25,3.89,4.04,3.88,3.98,3.98,64500,778
2021-03-26,4,4.09,4,4.09,4.09,34900,779
2021-03-29,4.11,4.12,3.97,4,4,14700,780
2021-03-30,4.08,4.14,4.06,4.1,4.1,32400,781
2021-03-31,4.15,4.15,4.04,4.09,4.09,52300,782
2021-04-01,4.05,4.05,3.91,3.98,3.98,30100,783
2021-04-05,4.1,4.15,4.09,4.13,4.13,84500,784
2021-04-06,4.1,4.1,3.97,4.02,4.02,99200,785
2021-04-07,4.03,4.04,3.96,4.04,4.04,37700,786
2021-04-08,4.13,4.13,4.01,4.03,4.03,26200,787
2021-04-09,3.91,4.06,3.91,4.05,4.05,13200,788
2021-04-12,3.92,4.06,3.92,4.02,4.02,20700,789
2021-04-13,4.14,4.14,3.97,4.07,4.07,40500,790
2021-04-14,3.98,4.07,3.97,4.07,4.07,39100,791
2021-04-15,4.06,4.08,4.05,4.07,4.07,18700,792
2021-04-16,4.03,4.12,4.03,4.11,4.11,157900,793
2021-04-19,4.2,4.2,4,4.06,4.06,51500,794
2021-04-20,3.99,3.99,3.86,3.86,3.86,60400,795
2021-04-21,3.87,3.88,3.76,3.86,3.86,136200,796
2021-04-22,3.86,3.9,3.78,3.81,3.81,53300,797
2021-04-23,3.79,3.89,3.79,3.87,3.87,30400,798
2021-04-26,4.01,4.03,3.9,3.94,3.94,51300,799
2021-04-27,3.86,3.95,3.86,3.95,3.95,36800,800
2021-04-28,3.99,3.99,3.89,3.92,3.92,42700,801
2021-04-29,4,4.03,3.88,3.93,3.93,46400,802
2021-04-30,3.94,3.97,3.8,3.85,3.85,43100,803
2021-05-03,3.93,3.95,3.85,3.87,3.87,47400,804
2021-05-04,3.89,3.89,3.79,3.8,3.8,32500,805
2021-05-05,3.75,3.88,3.74,3.88,3.88,108800,806
2021-05-06,3.91,3.92,3.78,3.9,3.9,208400,807
2021-05-07,3.94,3.99,3.92,3.97,3.97,67000,808
2021-05-10,3.97,4.18,3.97,4.08,4.08,96100,809
2021-05-11,3.87,4.06,3.87,4.01,4.01,94200,810
2021-05-12,4.02,4.02,3.8,3.85,3.85,34500,811
2021-05-13,3.95,3.95,3.76,3.86,3.86,101800,812
2021-05-14,4.05,4.05,3.87,3.94,3.94,83700,813
2021-05-17,4.02,4.02,3.9,3.95,3.95,45400,814
2021-05-18,4.12,4.12,3.9,3.93,3.93,59200,815
2021-05-19,3.84,3.92,3.79,3.83,3.83,35200,816
2021-05-20,3.96,4.02,3.91,4.01,4.01,59000,817
2021-05-21,4,4.05,4,4.04,4.04,83700,818
2021-05-24,3.96,4.06,3.96,4.04,4.04,30500,819
2021-05-25,4.01,4.04,3.99,4.03,4.03,40200,820
2021-05-26,4.06,4.11,4.05,4.07,4.07,21500,821
2021-05-27,4.22,4.23,4.1,4.21,4.21,70400,822
2021-05-28,4.34,4.39,4.3,4.35,4.35,36200,823
2021-06-01,4.36,4.38,4.23,4.26,4.26,36000,824
2021-06-02,4.29,4.44,4.29,4.44,4.44,63300,825
2021-06-03,4.5,4.5,4.38,4.48,4.48,75500,826
2021-06-04,4.53,4.7,4.52,4.7,4.7,81100,827
2021-06-07,4.76,4.82,4.59,4.65,4.65,53800,828
2021-06-08,4.5,4.79,4.5,4.66,4.66,43700,829
2021-06-09,4.65,4.75,4.58,4.58,4.58,29300,830
2021-06-10,4.62,4.67,4.6,4.62,4.62,37500,831
2021-06-11,4.61,4.61,4.49,4.51,4.51,32200,832
2021-06-14,4.69,4.69,4.53,4.59,4.59,21200,833
2021-06-15,4.52,4.58,4.47,4.49,4.49,29100,834
2021-06-16,4.49,4.63,4.48,4.48,4.48,29200,835
2021-06-17,4.54,4.57,4.52,4.52,4.52,20800,836
2021-06-18,4.51,4.51,4.31,4.33,4.33,64600,837
2021-06-21,4.41,4.41,4.29,4.36,4.36,62000,838
2021-06-22,4.39,4.39,4.32,4.39,4.39,32000,839
2021-06-23,4.35,4.42,4.34,4.35,4.35,45200,840
2021-06-24,4.46,4.51,4.46,4.51,4.51,83900,841
2021-06-25,4.81,4.81,4.72,4.75,4.75,70300,842
2021-06-28,4.75,4.9,4.75,4.79,4.79,31000,843
2021-06-29,4.85,4.85,4.73,4.75,4.75,275600,844
2021-06-30,4.76,4.76,4.64,4.66,4.66,31700,845
2021-07-01,4.75,4.75,4.57,4.65,4.65,30100,846
2021-07-02,4.78,4.98,4.78,4.91,4.91,91900,847
2021-07-06,4.97,4.97,4.82,4.87,4.87,45900,848
2021-07-07,4.9,4.9,4.72,4.79,4.79,27300,849
2021-07-08,4.6,4.77,4.6,4.73,4.73,31400,850
2021-07-09,4.58,4.82,4.58,4.76,4.76,29600,851
2021-07-12,4.9,4.9,4.77,4.81,4.81,27000,852
2021-07-13,4.8,4.83,4.77,4.77,4.77,30500,853
2021-07-14,4.78,4.82,4.66,4.68,4.68,22000,854
2021-07-15,4.55,4.63,4.52,4.56,4.56,40800,855
2021-07-16,4.72,4.75,4.57,4.6,4.6,21300,856
2021-07-19,4.55,4.55,4.4,4.41,4.41,54700,857
2021-07-20,4.45,4.55,4.45,4.53,4.53,60700,858
2021-07-21,4.47,4.61,4.46,4.59,4.59,34400,859
2021-07-22,4.5,4.63,4.5,4.59,4.59,20700,860
2021-07-23,4.7,4.7,4.59,4.66,4.66,20900,861
2021-07-26,4.6,4.6,4.47,4.56,4.56,29200,862
2021-07-27,4.46,4.46,4.41,4.46,4.46,53500,863
2021-07-28,4.47,4.68,4.47,4.66,4.66,24900,864
2021-07-29,4.84,4.84,4.71,4.78,4.78,31700,865
2021-07-30,4.78,4.92,4.78,4.88,4.88,18800,866
2021-08-02,4.6,4.62,4.51,4.51,4.51,50800,867
2021-08-03,4.73,4.73,4.64,4.68,4.68,22900,868
2021-08-04,4.76,4.85,4.67,4.68,4.68,35100,869
2021-08-05,4.68,4.68,4.51,4.55,4.55,36600,870
2021-08-06,4.61,4.61,4.5,4.51,4.51,18800,871
2021-08-09,4.51,4.6,4.47,4.5,4.5,28000,872
2021-08-10,4.56,4.59,4.46,4.49,4.49,31800,873
2021-08-11,4.49,4.56,4.49,4.55,4.55,18500,874
2021-08-12,4.71,4.71,4.55,4.57,4.57,12000,875
2021-08-13,4.59,4.59,4.55,4.57,4.57,32700,876
2021-08-16,4.59,4.59,4.44,4.49,4.49,95100,877
2021-08-17,4.56,4.56,4.4,4.44,4.44,40000,878
2021-08-18,4.4,4.52,4.4,4.46,4.46,167400,879
2021-08-19,4.42,4.42,4.33,4.38,4.38,42400,880
2021-08-20,4.19,4.19,4.08,4.13,4.13,52000,881
2021-08-23,4.22,4.23,4.1,4.13,4.13,38000,882
2021-08-24,4.22,4.22,4.16,4.19,4.19,66500,883
2021-08-25,4.21,4.23,4.2,4.22,4.22,50400,884
2021-08-26,4.3,4.3,4.07,4.17,4.17,37000,885
2021-08-27,4.23,4.27,4.21,4.27,4.27,38600,886
2021-08-30,4.26,4.37,4.13,4.3,4.3,24000,887
2021-08-31,4.19,4.3,4.16,4.3,4.3,31900,888
2021-09-01,4.2,4.32,4.2,4.3,4.3,21800,889
2021-09-02,4.36,4.36,4.18,4.26,4.26,70100,890
2021-09-03,4.34,4.4,4.32,4.37,4.37,18000,891
2021-09-07,4.36,4.41,4.32,4.35,4.35,21000,892
2021-09-08,4.45,4.47,4.35,4.42,4.42,33700,893
2021-09-09,4.28,4.45,4.28,4.41,4.41,19300,894
2021-09-10,4.47,4.47,4.33,4.33,4.33,11700,895
2021-09-13,4.49,4.49,4.3,4.33,4.33,33900,896
2021-09-14,4.39,4.46,4.33,4.34,4.34,75100,897
2021-09-15,4.45,4.45,4.3,4.33,4.33,32600,898
2021-09-16,4.46,4.46,4.33,4.35,4.35,27400,899
2021-09-17,4.28,4.33,4.26,4.3,4.3,21200,900
2021-09-20,4.18,4.36,4.13,4.19,4.19,65300,901
2021-09-21,4.25,4.27,4.23,4.24,4.24,34300,902
2021-09-22,4.16,4.34,4.16,4.22,4.22,29300,903
2021-09-23,4.25,4.29,4.24,4.29,4.29,19900,904
2021-09-24,4.31,4.31,4.27,4.3,4.3,19500,905
2021-09-27,4.45,4.45,4.26,4.33,4.33,14000,906
2021-09-28,4.42,4.42,4.36,4.39,4.39,22900,907
2021-09-29,4.4,4.49,4.4,4.49,4.49,24100,908
2021-09-30,4.4,4.42,4.28,4.32,4.32,21400,909
2021-10-01,4.17,4.33,4.16,4.33,4.33,27700,910
2021-10-04,4.37,4.39,4.12,4.17,4.17,89300,911
2021-10-05,4.15,4.29,4.15,4.26,4.26,31000,912
2021-10-06,4.1,4.1,3.93,3.99,3.99,45700,913
2021-10-07,4.21,4.21,4.01,4.1,4.1,40100,914
2021-10-08,4.14,4.14,4.1,4.12,4.12,9700,915
2021-10-11,4.09,4.25,4.09,4.2,4.2,20200,916
2021-10-12,4.32,4.41,4.32,4.35,4.35,35700,917
2021-10-13,4.49,4.49,4.47,4.48,4.48,85700,918
2021-10-14,4.48,4.48,4.46,4.48,4.48,50500,919
2021-10-15,4.5,4.55,4.5,4.53,4.53,35100,920
2021-10-18,4.66,4.67,4.54,4.57,4.57,24000,921
2021-10-19,4.6,4.6,4.54,4.55,4.55,14200,922
2021-10-20,4.6,4.6,4.57,4.59,4.59,12000,923
2021-10-21,4.5,4.59,4.5,4.55,4.55,18700,924
2021-10-22,4.5,4.62,4.5,4.54,4.54,23900,925
2021-10-25,4.53,4.55,4.47,4.52,4.52,29200,926
2021-10-26,4.54,4.55,4.5,4.52,4.52,44400,927
2021-10-27,4.62,4.62,4.42,4.44,4.44,19500,928
2021-10-28,4.59,4.59,4.36,4.47,4.47,27700,929
2021-10-29,4.44,4.46,4.42,4.46,4.46,14100,930
2021-11-01,4.5,4.52,4.37,4.52,4.52,19100,931
2021-11-02,4.6,4.6,4.5,4.5,4.5,20100,932
2021-11-03,4.6,4.6,4.47,4.55,4.55,40400,933
2021-11-04,4.52,4.63,4.52,4.63,4.63,31500,934
2021-11-05,4.59,4.59,4.46,4.47,4.47,20700,935
2021-11-08,4.76,4.76,4.47,4.51,4.51,41600,936
2021-11-09,4.32,4.54,4.32,4.47,4.47,62100,937
2021-11-10,4.58,4.65,4.48,4.57,4.57,116200,938
2021-11-11,4.39,4.57,4.39,4.57,4.57,27000,939
2021-11-12,4.6,4.6,4.55,4.57,4.57,226300,940
2021-11-15,4.79,4.91,4.62,4.76,4.76,40000,941
2021-11-16,4.77,4.79,4.65,4.66,4.66,42000,942
2021-11-17,4.48,4.73,4.48,4.59,4.59,41000,943
2021-11-18,4.71,4.71,4.53,4.56,4.56,277300,944
2021-11-19,4.45,4.56,4.45,4.5,4.5,20100,945
2021-11-22,4.66,4.66,4.55,4.6,4.6,24200,946
2021-11-23,4.83,4.83,4.5,4.55,4.55,27200,947
2021-11-24,4.6,4.63,4.6,4.63,4.63,42700,948
2021-11-26,4.48,4.48,4.29,4.3,4.3,32100,949
2021-11-29,4.28,4.28,4.14,4.18,4.18,44800,950
2021-11-30,4.12,4.12,3.95,3.98,3.98,181400,951
2021-12-01,4,4.03,3.91,3.94,3.94,117200,952
2021-12-02,4.04,4.04,3.93,3.97,3.97,69300,953
2021-12-03,4.11,4.11,4.01,4.03,4.03,49400,954
2021-12-06,4.08,4.08,3.96,3.98,3.98,39700,955
2021-12-07,4.23,4.23,4.11,4.16,4.16,53200,956
2021-12-08,4.14,4.18,4.11,4.12,4.12,41100,957
2021-12-09,3.89,4.02,3.89,4,4,26500,958
2021-12-10,4,4.01,3.97,4.01,4.01,19000,959
2021-12-13,3.88,4,3.88,3.91,3.91,51200,960
2021-12-14,3.8,3.88,3.8,3.86,3.86,302500,961
2021-12-15,3.79,4.04,3.79,3.95,3.95,268300,962
2021-12-16,3.83,4.02,3.83,3.91,3.91,19300,963
2021-12-17,3.92,4.13,3.92,4,4,29000,964
2021-12-20,3.88,3.95,3.82,3.85,3.85,67800,965
2021-12-21,3.92,3.92,3.81,3.82,3.82,125800,966
2021-12-22,3.9,3.9,3.78,3.8,3.8,81300,967
2021-12-23,3.87,3.88,3.85,3.87,3.87,61100,968
2021-12-27,3.89,3.89,3.83,3.87,3.87,84400,969
2021-12-28,3.85,3.89,3.83,3.86,3.86,35700,970
2021-12-29,3.93,3.93,3.81,3.83,3.83,92800,971
2021-12-30,3.82,3.83,3.79,3.81,3.81,49900,972
2021-12-31,3.81,3.81,3.79,3.79,3.79,49000,973
2022-01-03,3.92,3.92,3.77,3.79,3.79,53800,974
2022-01-04,4.11,4.11,3.91,4.04,4.04,222200,975
2022-01-05,4.02,4.17,4.02,4.13,4.13,71800,976
2022-01-06,4.16,4.16,4.09,4.09,4.09,124000,977
2022-01-07,4.31,4.31,4.04,4.17,4.17,43400,978
2022-01-10,4.05,4.25,4.05,4.15,4.15,68900,979
2022-01-11,4.3,4.31,4.25,4.31,4.31,41700,980
2022-01-12,4.31,4.33,4.29,4.31,4.31,45700,981
2022-01-13,4.39,4.49,4.26,4.34,4.34,102200,982
2022-01-14,4.28,4.29,4.24,4.28,4.28,75500,983
2022-01-18,4.24,4.24,4.08,4.1,4.1,93700,984
2022-01-19,4.1,4.1,4.06,4.07,4.07,120400,985
2022-01-20,4.09,4.14,4.03,4.03,4.03,38400,986
2022-01-21,3.83,4.01,3.83,3.93,3.93,53200,987
2022-01-24,3.93,3.93,3.76,3.85,3.85,112000,988
2022-01-25,3.74,3.98,3.74,3.86,3.86,59600,989
2022-01-26,3.89,3.91,3.8,3.85,3.85,101000,990
2022-01-27,3.75,3.84,3.75,3.79,3.79,43700,991
2022-01-28,3.84,3.84,3.71,3.76,3.76,81900,992
2022-01-31,3.79,3.88,3.7,3.83,3.83,82800,993
2022-02-01,3.9,3.9,3.74,3.75,3.75,80400,994
2022-02-02,4.12,4.12,3.82,3.83,3.83,73200,995
2022-02-03,3.75,3.85,3.75,3.79,3.79,47900,996
2022-02-04,3.85,4,3.77,3.79,3.79,60600,997
2022-02-07,3.85,3.85,3.78,3.78,3.78,40600,998
2022-02-08,3.95,3.95,3.81,3.86,3.86,93800,999
2022-02-09,3.98,3.98,3.87,3.89,3.89,32600,1000
2022-02-10,4.09,4.09,3.92,3.92,3.92,52600,1001
2022-02-11,4,4,3.92,3.93,3.93,37900,1002
2022-02-14,3.93,3.93,3.8,3.83,3.83,71800,1003
2022-02-15,4.02,4.02,3.87,3.95,3.95,60500,1004
2022-02-16,3.99,3.99,3.8,3.93,3.93,59400,1005
2022-02-17,3.95,4.02,3.91,3.92,3.92,29100,1006
2022-02-18,3.98,3.98,3.95,3.96,3.96,57100,1007
2022-02-22,3.77,3.92,3.77,3.85,3.85,29200,1008
2022-02-23,3.88,3.88,3.79,3.79,3.79,55400,1009
2022-02-24,3.7,3.72,3.56,3.69,3.69,101600,1010
2022-02-25,3.7,3.8,3.62,3.76,3.76,64300,1011
2022-02-28,3.57,3.74,3.57,3.69,3.69,112900,1012
2022-03-01,3.75,3.75,3.57,3.58,3.58,137800,1013
2022-03-02,3.57,3.59,3.53,3.56,3.56,135500,1014
2022-03-03,3.73,3.73,3.58,3.58,3.58,131900,1015
2022-03-04,3.5,3.55,3.44,3.44,3.44,80800,1016
2022-03-07,3.32,3.32,3.16,3.17,3.17,164000,1017
2022-03-08,3.14,3.14,3.03,3.05,3.05,222700,1018
2022-03-09,3.05,3.24,3.05,3.18,3.18,169400,1019
2022-03-10,3.33,3.33,3.18,3.19,3.19,171300,1020
2022-03-11,3.23,3.25,3.17,3.21,3.21,67300,1021
2022-03-14,3.21,3.37,3.21,3.32,3.32,297500,1022
2022-03-15,3.48,3.48,3.38,3.44,3.44,622600,1023
2022-03-16,3.4,3.61,3.4,3.56,3.56,63500,1024
2022-03-17,3.68,3.68,3.6,3.62,3.62,107600,1025
2022-03-18,3.38,3.63,3.38,3.57,3.57,109800,1026
2022-03-21,3.46,3.69,3.46,3.58,3.58,81600,1027
2022-03-22,3.58,3.6,3.57,3.6,3.6,233100,1028
2022-03-23,3.6,3.6,3.53,3.54,3.54,109900,1029
2022-03-24,3.73,3.73,3.58,3.64,3.64,32500,1030
2022-03-25,3.76,3.76,3.6,3.67,3.67,36100,1031
2022-03-28,3.65,3.68,3.65,3.68,3.68,97000,1032
2022-03-29,3.55,3.73,3.55,3.66,3.66,220300,1033
2022-03-30,3.78,3.78,3.62,3.65,3.65,67800,1034
2022-03-31,3.67,3.71,3.64,3.65,3.65,100300,1035
2022-04-01,3.75,3.75,3.62,3.68,3.68,50500,1036
2022-04-04,3.49,3.71,3.49,3.63,3.63,58200,1037
2022-04-05,3.52,3.63,3.51,3.61,3.61,96000,1038
2022-04-06,3.55,3.6,3.51,3.52,3.52,108300,1039
2022-04-07,3.5,3.56,3.5,3.5,3.5,152200,1040
2022-04-08,3.5,3.5,3.39,3.39,3.39,85700,1041
2022-04-11,3.54,3.54,3.35,3.48,3.48,140000,1042
2022-04-12,3.55,3.55,3.42,3.44,3.44,72000,1043
2022-04-13,3.42,3.48,3.41,3.47,3.47,28900,1044
2022-04-14,3.64,3.64,3.41,3.43,3.43,47900,1045
2022-04-18,3.52,3.52,3.4,3.43,3.43,25100,1046
2022-04-19,3.51,3.58,3.51,3.57,3.57,176200,1047
2022-04-20,3.74,3.74,3.66,3.67,3.67,68700,1048
2022-04-21,3.6,3.65,3.56,3.57,3.57,31200,1049
2022-04-22,3.56,3.56,3.5,3.51,3.51,23100,1050
2022-04-25,3.5,3.51,3.43,3.47,3.47,55500,1051
2022-04-26,3.57,3.57,3.39,3.4,3.4,91800,1052
2022-04-27,3.5,3.5,3.42,3.43,3.43,42000,1053
2022-04-28,3.5,3.59,3.5,3.55,3.55,72400,1054
2022-04-29,3.6,3.6,3.51,3.51,3.51,35700,1055
2022-05-02,3.55,3.56,3.5,3.55,3.55,63600,1056
2022-05-03,3.56,3.59,3.55,3.59,3.59,102200,1057
2022-05-04,3.5,3.66,3.5,3.66,3.66,74300,1058
2022-05-05,3.59,3.59,3.52,3.55,3.55,113900,1059
2022-05-06,3.61,3.63,3.58,3.62,3.62,25300,1060
2022-05-09,3.62,3.63,3.58,3.62,3.62,26500,1061
2022-05-10,3.52,3.75,3.52,3.6,3.6,74200,1062
2022-05-11,3.61,3.68,3.58,3.63,3.63,70400,1063
2022-05-12,3.9,3.9,3.67,3.77,3.77,126100,1064
2022-05-13,3.98,3.98,3.73,3.85,3.85,60900,1065
2022-05-16,4.03,4.07,4.03,4.05,4.05,80800,1066
2022-05-17,4.13,4.18,4.13,4.18,4.18,74200,1067
2022-05-18,4.21,4.31,4.16,4.19,4.19,47400,1068
2022-05-19,4.28,4.36,4.28,4.34,4.34,49100,1069
2022-05-20,4.27,4.3,4.23,4.28,4.28,104900,1070
2022-05-23,4.25,4.31,4.25,4.3,4.3,38300,1071
2022-05-24,4.21,4.37,4.21,4.33,4.33,64400,1072
2022-05-25,4.33,4.33,4.27,4.31,4.31,28300,1073
2022-05-26,4.29,4.35,4.29,4.32,4.32,24500,1074
2022-05-27,4.36,4.36,4.32,4.35,4.35,10000,1075
2022-05-31,4.2,4.23,4.16,4.18,4.18,40400,1076
2022-06-01,4.19,4.22,4.16,4.18,4.18,66400,1077
2022-06-02,4.26,4.26,4.2,4.25,4.25,27400,1078
2022-06-03,4.1,4.16,4.1,4.14,4.14,48600,1079
2022-06-06,4.26,4.27,4.22,4.26,4.26,43100,1080
2022-06-07,4.31,4.41,4.31,4.4,4.4,101700,1081
2022-06-08,4.34,4.34,4.26,4.32,4.32,14400,1082
2022-06-09,4.38,4.38,4.33,4.33,4.33,33100,1083
2022-06-10,4.26,4.3,4.24,4.26,4.26,26700,1084
2022-06-13,4.06,4.2,4.06,4.13,4.13,115300,1085
2022-06-14,4.02,4.15,4.02,4.13,4.13,78000,1086
2022-06-15,4.1,4.13,4.06,4.1,4.1,89400,1087
2022-06-16,4.04,4.19,3.98,4.06,4.06,98900,1088
2022-06-17,4.05,4.06,4.02,4.03,4.03,58500,1089
2022-06-21,4.07,4.08,4.04,4.06,4.06,70700,1090
2022-06-22,4.06,4.23,4.06,4.19,4.19,56000,1091
2022-06-23,4.18,4.19,4.14,4.17,4.17,62100,1092
2022-06-24,4.06,4.12,4.06,4.11,4.11,24400,1093
2022-06-27,3.98,4.09,3.98,4.07,4.07,31300,1094
2022-06-28,4.3,4.3,4.13,4.13,4.13,85700,1095
2022-06-29,4.11,4.11,4.02,4.05,4.05,21400,1096
2022-06-30,4,4.11,3.98,4.02,4.02,30500,1097
2022-07-01,3.95,3.95,3.85,3.9,3.9,56700,1098
2022-07-05,3.88,3.88,3.74,3.77,3.77,85600,1099
2022-07-06,3.77,3.77,3.65,3.68,3.68,81700,1100
2022-07-07,3.68,3.72,3.68,3.69,3.69,105300,1101
2022-07-08,3.73,3.76,3.72,3.75,3.75,42100,1102
2022-07-11,3.66,3.75,3.66,3.72,3.72,98800,1103
2022-07-12,3.6,3.77,3.6,3.7,3.7,53200,1104
2022-07-13,3.82,3.82,3.66,3.73,3.73,58200,1105
2022-07-14,3.63,3.8,3.63,3.78,3.78,26900,1106
2022-07-15,3.72,3.78,3.72,3.75,3.75,20000,1107
2022-07-18,3.87,3.87,3.75,3.75,3.75,97500,1108
2022-07-19,3.93,3.97,3.93,3.95,3.95,108900,1109
2022-07-20,3.98,3.99,3.94,3.99,3.99,47600,1110
2022-07-21,3.98,4.02,3.97,4.02,4.02,29300,1111
2022-07-22,4.01,4.03,3.99,4.01,4.01,43900,1112
2022-07-25,4.01,4.07,4.01,4.05,4.05,32600,1113
2022-07-26,4.04,4.09,4.04,4.05,4.05,28600,1114
2022-07-27,4.08,4.16,4.08,4.15,4.15,69600,1115
2022-07-28,4.16,4.24,4.16,4.23,4.23,20500,1116
2022-07-29,4.24,4.24,4.12,4.15,4.15,109600,1117
2022-08-01,4.35,4.43,4.25,4.31,4.31,56600,1118
2022-08-02,4.31,4.42,4.31,4.32,4.32,96400,1119
2022-08-03,4.19,4.25,4.19,4.25,4.25,59600,1120
2022-08-04,4.38,4.38,4.24,4.25,4.25,38700,1121
2022-08-05,4.25,4.25,4.16,4.18,4.18,39000,1122
2022-08-08,4.28,4.28,4.25,4.26,4.26,22200,1123
2022-08-09,4.25,4.25,4.2,4.23,4.23,192500,1124
2022-08-10,4.61,4.71,4.61,4.69,4.69,267500,1125
2022-08-11,4.64,4.73,4.64,4.69,4.69,66800,1126
2022-08-12,4.59,4.71,4.59,4.71,4.71,35000,1127
2022-08-15,4.77,4.77,4.6,4.66,4.66,40200,1128
2022-08-16,4.4,4.6,4.4,4.55,4.55,31300,1129
2022-08-17,4.6,4.61,4.51,4.59,4.59,50700,1130
2022-08-18,4.51,4.58,4.51,4.55,4.55,33800,1131
2022-08-19,4.53,4.53,4.49,4.51,4.51,25700,1132
2022-08-22,4.48,4.48,4.45,4.47,4.47,41500,1133
2022-08-23,4.45,4.47,4.41,4.41,4.41,30400,1134
2022-08-24,4.42,4.46,4.4,4.44,4.44,32700,1135
2022-08-25,4.43,4.46,4.43,4.46,4.46,33900,1136
2022-08-26,4.25,4.4,4.14,4.33,4.33,25200,1137
2022-08-29,4.33,4.42,4.3,4.4,4.4,17800,1138
2022-08-30,4.45,4.45,4.31,4.33,4.33,50000,1139
2022-08-31,4.38,4.38,4.34,4.37,4.37,45100,1140
2022-09-01,4.31,4.31,4.26,4.3,4.3,38400,1141
2022-09-02,4.25,4.27,4.2,4.22,4.22,34900,1142
2022-09-06,4.2,4.2,4.09,4.09,4.09,53600,1143
2022-09-07,4.06,4.21,4.06,4.21,4.21,54300,1144
2022-09-08,4.18,4.21,4.15,4.21,4.21,34000,1145
2022-09-09,4.35,4.35,4.2,4.23,4.23,27400,1146
2022-09-12,4.42,4.42,4.15,4.27,4.27,173600,1147
2022-09-13,4.05,4.06,3.98,3.98,3.98,127900,1148
2022-09-14,3.99,4.15,3.99,4.11,4.11,52200,1149
2022-09-15,4.09,4.14,4.04,4.04,4.04,10400,1150
2022-09-16,4.09,4.12,4.06,4.12,4.12,28700,1151
2022-09-19,4.05,4.13,4.05,4.13,4.13,91500,1152
2022-09-20,4.13,4.13,4.08,4.11,4.11,32300,1153
2022-09-21,4.05,4.07,3.98,3.98,3.98,29500,1154
2022-09-22,4.05,4.15,4.01,4.06,4.06,64500,1155
2022-09-23,4.01,4.01,3.96,4.01,4.01,44600,1156
2022-09-26,3.96,3.96,3.81,3.83,3.83,43700,1157
2022-09-27,3.82,3.82,3.76,3.79,3.79,185400,1158
2022-09-28,3.81,3.81,3.68,3.73,3.73,49800,1159
2022-09-29,3.56,3.64,3.5,3.5,3.5,100500,1160
2022-09-30,3.38,3.38,3.26,3.26,3.26,85200,1161
2022-10-03,3.26,3.4,3.26,3.38,3.38,107500,1162
2022-10-04,3.37,3.4,3.36,3.37,3.37,324800,1163
2022-10-05,3.41,3.41,3.27,3.31,3.31,83500,1164
2022-10-06,3.31,3.32,3.26,3.28,3.28,88200,1165
2022-10-07,3.25,3.26,3.19,3.19,3.19,82900,1166
2022-10-10,3.14,3.21,3.14,3.16,3.16,103100,1167
2022-10-11,3.17,3.21,3.14,3.14,3.14,345600,1168
2022-10-12,3.15,3.15,3.08,3.08,3.08,92400,1169
2022-10-13,3.07,3.2,3.07,3.19,3.19,457500,1170
2022-10-14,3.19,3.21,3.13,3.13,3.13,189000,1171
2022-10-17,3.28,3.28,3.22,3.22,3.22,132400,1172
2022-10-18,3.15,3.23,3.15,3.17,3.17,365700,1173
2022-10-19,3.28,3.28,3.13,3.17,3.17,103500,1174
2022-10-20,3.17,3.2,3.13,3.15,3.15,138100,1175
2022-10-21,3.09,3.19,3.09,3.19,3.19,163600,1176
2022-10-24,3.17,3.17,3.13,3.17,3.17,131400,1177
2022-10-25,3.25,3.29,3.25,3.28,3.28,491100,1178
2022-10-26,3.34,3.36,3.33,3.35,3.35,68300,1179
2022-10-27,3.41,3.41,3.28,3.29,3.29,170600,1180
2022-10-28,3.28,3.31,3.27,3.28,3.28,41900,1181
2022-10-31,3.32,3.33,3.29,3.3,3.3,86100,1182
2022-11-01,3.46,3.46,3.3,3.31,3.31,425400,1183
2022-11-02,3.47,3.47,3.38,3.39,3.39,79200,1184
2022-11-03,3.48,3.48,3.35,3.37,3.37,40200,1185
2022-11-04,3.41,3.57,3.41,3.54,3.54,128900,1186
2022-11-07,3.53,3.54,3.5,3.52,3.52,28100,1187
2022-11-08,3.56,3.57,3.54,3.55,3.55,67500,1188
2022-11-09,3.45,3.49,3.44,3.49,3.49,15500,1189
2022-11-10,3.73,3.81,3.7,3.81,3.81,163500,1190
2022-11-11,3.96,3.96,3.81,3.87,3.87,117300,1191
2022-11-14,3.92,3.92,3.78,3.83,3.83,95800,1192
2022-11-15,3.84,3.95,3.77,3.87,3.87,46900,1193
2022-11-16,3.99,3.99,3.85,3.87,3.87,59000,1194
2022-11-17,3.84,3.84,3.61,3.77,3.77,44600,1195
2022-11-18,3.8,3.88,3.8,3.85,3.85,35000,1196
2022-11-21,3.97,3.97,3.84,3.87,3.87,64400,1197
2022-11-22,3.91,4,3.87,3.95,3.95,53300,1198
2022-11-23,3.95,4.01,3.95,3.95,3.95,37300,1199
2022-11-25,3.95,3.95,3.88,3.9,3.9,45800,1200
2022-11-28,4,4,3.87,3.88,3.88,26600,1201
2022-11-29,3.71,3.93,3.71,3.84,3.84,26000,1202
2022-11-30,4,4,3.85,3.94,3.94,83300,1203
2022-12-01,4,4,3.76,3.89,3.89,72300,1204
2022-12-02,3.86,3.86,3.62,3.8,3.8,23700,1205
2022-12-05,3.59,3.82,3.59,3.69,3.69,77400,1206
2022-12-06,3.69,3.87,3.69,3.76,3.76,40500,1207
2022-12-07,3.93,3.93,3.8,3.82,3.82,30400,1208
2022-12-08,3.82,3.88,3.82,3.87,3.87,89400,1209
2022-12-09,3.86,3.86,3.83,3.85,3.85,52600,1210
2022-12-12,3.92,3.92,3.83,3.86,3.86,92200,1211
2022-12-13,3.98,3.98,3.89,3.9,3.9,72300,1212
2022-12-14,3.9,3.91,3.86,3.9,3.9,28800,1213
2022-12-15,4,4,3.84,3.88,3.88,41700,1214
2022-12-16,3.93,3.93,3.86,3.9,3.9,71400,1215
2022-12-19,3.7,3.82,3.7,3.8,3.8,95300,1216
2022-12-20,3.71,3.8,3.7,3.72,3.72,53400,1217
2022-12-21,3.72,3.76,3.64,3.66,3.66,1235000,1218
2022-12-22,3.67,3.69,3.61,3.65,3.65,1279200,1219
2022-12-23,3.65,3.75,3.62,3.67,3.67,1190900,1220
2022-12-27,3.65,3.71,3.65,3.7,3.7,237900,1221
2022-12-28,3.75,3.76,3.68,3.69,3.69,1224000,1222
2022-12-29,3.75,3.76,3.67,3.74,3.74,1303300,1223
2022-12-30,3.64,3.78,3.64,3.76,3.76,1762400,1224
2023-01-03,3.85,3.85,3.75,3.76,3.76,132900,1225
2023-01-04,3.79,3.79,3.65,3.67,3.67,326400,1226
2023-01-05,3.65,3.65,3.58,3.61,3.61,231200,1227
2023-01-06,3.83,3.83,3.7,3.76,3.76,109500,1228
2023-01-09,3.85,3.85,3.66,3.79,3.79,157500,1229
2023-01-10,3.76,3.87,3.75,3.77,3.77,60000,1230
2023-01-11,3.66,3.89,3.66,3.79,3.79,118400,1231
2023-01-12,3.8,3.8,3.72,3.76,3.76,110300,1232
2023-01-13,3.6,3.65,3.59,3.64,3.64,106700,1233
2023-01-17,3.8,3.8,3.75,3.77,3.77,85300,1234
2023-01-18,3.88,3.88,3.77,3.77,3.77,97800,1235
2023-01-19,3.68,3.68,3.63,3.66,3.66,96700,1236
2023-01-20,3.64,3.73,3.64,3.71,3.71,36500,1237
2023-01-23,3.7,3.72,3.66,3.71,3.71,118300,1238
2023-01-24,3.74,3.74,3.67,3.72,3.72,66700,1239
2023-01-25,3.85,3.85,3.78,3.83,3.83,75900,1240
2023-01-26,3.85,3.88,3.78,3.83,3.83,81800,1241
2023-01-27,3.86,3.91,3.86,3.91,3.91,41700,1242
2023-01-30,3.91,3.93,3.88,3.91,3.91,33200,1243
2023-01-31,3.99,3.99,3.95,3.95,3.95,65000,1244
2023-02-01,4.02,4.1,4.02,4.1,4.1,82200,1245
2023-02-02,3.98,4.01,3.94,3.98,3.98,65000,1246
2023-02-03,3.95,3.95,3.89,3.92,3.92,53300,1247
2023-02-06,4.01,4.01,3.95,3.98,3.98,54900,1248
2023-02-07,3.93,4.03,3.93,4.01,4.01,103900,1249
2023-02-08,4,4,3.94,3.97,3.97,44400,1250
2023-02-09,4,4.01,3.94,3.96,3.96,105400,1251
2023-02-10,3.85,3.92,3.85,3.91,3.91,51700,1252
2023-02-13,4.03,4.08,3.99,4.08,4.08,75000,1253
2023-02-14,4.08,4.08,4.02,4.06,4.06,54500,1254
2023-02-15,4.12,4.12,4.08,4.11,4.11,91800,1255
2023-02-16,4.21,4.24,4.17,4.23,4.23,51700,1256
2023-02-17,4.26,4.33,4.26,4.3,4.3,43600,1257